crawl_timestamp,uniq_id,page_url,product_name,brand,sku,selling_price,list_price,image_url
"Apr 26, 2026 @ 14:38:21.078",683aed3f1884bfe11893f49e7fcc2b76,https://www.nykaafashion.com/styli-pintuck-drawstring-waistband-wide-leg-jogger/p/12008809,Styli Pintuck Drawstring Waistband Wide Leg Jogger,Styli,STYLI00026434,722,722,"https://adn-static1.nykaa.com/nykdesignstudio-images/pub/media/catalog/product/1/7/tr:h-400,w-300,cm-pad_resize/170c470ST7005025814_1.jpg?rnd=20200526195200"
"Apr 26, 2026 @ 14:38:21.088",578a48d3b7590d3889ad9cbe44d5c616,https://www.nykaafashion.com/h-m-women-beige-linen-blend-trousers/p/26170049,H&M Women Beige Linen-Blend Trousers,H&M,HNMXX00321027,1999,1999,"https://adn-static1.nykaa.com/nykdesignstudio-images/pub/media/catalog/product/a/b/tr:h-400,w-300,cm-pad_resize/ab7248f1259065021_1.jpg?rnd=20200526195200"
"Apr 26, 2026 @ 14:38:21.098",f3510b6bad30eb4d1ecd4daf66568a7a,https://www.nykaafashion.com/broadstar-women-high-rise-stretchable-black-colour-flared-fit-bell-bottom-pants/p/21027569,BROADSTAR Women High-Rise Stretchable Black Colour Flared Fit Bell Bottom Pants,BROADSTAR,BROAD00002804,990,990,"https://adn-static1.nykaa.com/nykdesignstudio-images/pub/media/catalog/product/5/6/tr:h-400,w-300,cm-pad_resize/568705c8043BLK328_1.jpg?rnd=20200526195200"
"Apr 26, 2026 @ 14:38:21.107",4f7b08ab3ff7fc563b7a3f7a696cabe0,https://www.nykaafashion.com/color-capital-women-black-polyester-solid-tights/p/24167575,COLOR CAPITAL Women Black Polyester Solid Tights,COLOR CAPITAL,COLAT00004100,790,790,"https://adn-static1.nykaa.com/nykdesignstudio-images/pub/media/catalog/product/c/d/tr:h-400,w-300,cm-pad_resize/cd5207cz1246black_1.jpg?rnd=20200526195200"
"Apr 26, 2026 @ 14:38:21.119",b9cc420c0be1ecd6580df366918f7652,https://www.nykaafashion.com/twenty-dresses-by-nykaa-fashion-womens-black-cotton-straight-fit-everyday-trouser/p/25343398,Twenty Dresses by Nykaa Fashion Womens Black Cotton Straight Fit Everyday Trouser,Twenty Dresses by Nykaa Fashion,TWENT00046240,520,520,"https://adn-static1.nykaa.com/nykdesignstudio-images/pub/media/catalog/product/9/7/tr:h-400,w-300,cm-pad_resize/97d32b4WomenTrouser611Black_1.jpg?rnd=20200526195200"
"Apr 26, 2026 @ 14:38:21.130",c760ec0d01493b6deda6c065131d1331,https://www.nykaafashion.com/popnetic-women-solid-taupe-flat-front-high-rise-trouser/p/21513459,Popnetic Women Solid Taupe Flat-Front High-Rise Trouser,Popnetic,POPNE00000728,770,770,"https://adn-static1.nykaa.com/nykdesignstudio-images/pub/media/catalog/product/f/4/tr:h-400,w-300,cm-pad_resize/f4f4a3dPOP4209A_1.jpg?rnd=20200526195200"
"Apr 26, 2026 @ 14:38:21.142",8a6e1e586a170112f650c1032faabe4f,https://www.nykaafashion.com/jockey-a158-women-s-super-combed-cotton-rich-straight-fit-wide-leg-pant-black/p/16745581,Jockey A158 Women Super Combed Cotton Rich Straight Fit Wide Leg Pants - Black,Jockey,JOCKE00021890,899,899,"https://adn-static1.nykaa.com/nykdesignstudio-images/pub/media/catalog/product/b/0/tr:h-400,w-300,cm-pad_resize/b0e2618A1580101BLACK_1.jpg?rnd=20200526195200"
"Apr 26, 2026 @ 14:38:21.151",24795d2f23915f2c1da7c53cb3e22176,https://www.nykaafashion.com/cider-cotton-low-rise-split-skort/p/21650535,Cider Cotton Low Rise Split Skort,Cider,CIDER00100417,1625,1625,"https://adn-static1.nykaa.com/nykdesignstudio-images/pub/media/catalog/product/5/d/tr:h-400,w-300,cm-pad_resize/5d13fa8CIDER00100417_1.jpg?rnd=20200526195200"
"Apr 26, 2026 @ 14:38:21.163",3f374df4a712217b2a04a7fc2e13429e,https://www.nykaafashion.com/rock-paper-scissors-women-black-solid-tights/p/19368633,Rock Paper Scissors Women Black Solid Tights,Rock Paper Scissors,ROCKP00000485,893,893,"https://adn-static1.nykaa.com/nykdesignstudio-images/pub/media/catalog/product/5/8/tr:h-400,w-300,cm-pad_resize/5811b0cRPSFPSTRPBLKWHT_1.jpg?rnd=20200526195200"
"Apr 26, 2026 @ 14:38:21.174",e12e0d64188ee7ac7a7e63bd2c780ea6,https://www.nykaafashion.com/cava-athleisure-bell-bottom-v-waist-long-leggings/p/14738243,Cava Athleisure Obsidian Black Tall Hourglass Flared Leggings,Cava Athleisure,CAVAB00002538,1496,1496,"https://adn-static1.nykaa.com/nykdesignstudio-images/pub/media/catalog/product/8/3/tr:h-400,w-300,cm-pad_resize/8353941BTM-CAVA-ACU02-Black_1.jpg?rnd=20200526195200"
"Apr 26, 2026 @ 14:38:21.185",7a1ef56c067ae4eeef1a0eca06eed221,https://www.nykaafashion.com/styli-women-s-grey-cotton-french-terry-slim-fit-joggers-with-hem-slit/p/14536048,Styli Women's Grey Cotton French Terry Slim Fit Joggers with Hem Slit,Styli,STYLI00036070,808,808,"https://adn-static1.nykaa.com/nykdesignstudio-images/pub/media/catalog/product/1/1/tr:h-400,w-300,cm-pad_resize/110251d7007033514_1.jpg?rnd=20200526195200"
"Apr 26, 2026 @ 14:38:21.197",81391ef01af3d98cd2641ec4c12e815f,https://www.nykaafashion.com/sage-by-mala-mara-white-solid-pant/p/21762274,Sage By Mala Mara White Solid Pant,Sage By Mala,SAGEB00002235,2465,2465,"https://adn-static1.nykaa.com/nykdesignstudio-images/pub/media/catalog/product/5/4/tr:h-400,w-300,cm-pad_resize/54ecc06maratrouser_1.jpg?rnd=20200526195200"
"Apr 26, 2026 @ 14:38:21.208",828ebd0e07e1cc1595237fcd5b43e79f,https://www.nykaafashion.com/kica-second-skn-fabric-with-2-side-pockets-for-dance-and-training-high-waisted-booty-shorts/p/12687503,Kica High-Waisted Workout Booty Shorts with Pockets in KICASKN™ Fabric,Kica,KICAX00004791,850,850,"https://adn-static1.nykaa.com/nykdesignstudio-images/pub/media/catalog/product/c/b/tr:h-400,w-300,cm-pad_resize/cb7e0aeA0732_01.jpg?rnd=20200526195200"
"Apr 26, 2026 @ 14:38:21.218",b98b6601fb51de0855d895479938a35e,https://www.nykaafashion.com/freehand-women-black-solid-high-rise-wide-trouser/p/19598738,Freehand Women Black Solid High-Rise Wide Trouser,Freehand,FREEH00005404,700,700,"https://adn-static1.nykaa.com/nykdesignstudio-images/pub/media/catalog/product/4/c/tr:h-400,w-300,cm-pad_resize/4c3ce8dMFREEH00005404_1.jpg?rnd=20200526195200"
"Apr 26, 2026 @ 14:38:21.228",70e4ccb24ec0b4e8be6fad577147e90a,https://www.nykaafashion.com/fablestreet-black-solid-pant-2/p/1872408,FABLE STREET Women LivIn Wide Leg Pant - Black,FABLE STREET,FBS01263,2022,2022,"https://adn-static1.nykaa.com/nykdesignstudio-images/pub/media/catalog/product/3/8/tr:h-400,w-300,cm-pad_resize/38c703fQFBS01263_0.jpg?rnd=20200526195200"
"Apr 26, 2026 @ 14:38:21.239",4f9e11fd40a344dea985a6f1368714cf,https://www.nykaafashion.com/zuri-beige-cotton-high-rise-paperbag-wide-leg-pant/p/25535922,Zuri Beige Cotton High Rise Paperbag Wide Leg Pant,Zuri,ZURIX00008220,1000,1000,"https://adn-static1.nykaa.com/nykdesignstudio-images/pub/media/catalog/product/4/d/tr:h-400,w-300,cm-pad_resize/4d5366bPS191125PBGBeige_1.jpg?rnd=20200526195200"
"Apr 26, 2026 @ 14:38:21.251",2a5b4d4bcbf5b032446ebe651f0952b9,https://www.nykaafashion.com/puma-ess-womens-black-leggings/p/18810712,Puma Ankle Length Cotton Blended Black Tights,Puma,PUMAX00390341,720,720,"https://adn-static1.nykaa.com/nykdesignstudio-images/pub/media/catalog/product/2/3/tr:h-400,w-300,cm-pad_resize/23c4594PUMA68242401_1.jpg?rnd=20200526195200"
"Apr 26, 2026 @ 14:38:21.260",0647f2be570382bdd693b0d100e82e7d,https://www.nykaafashion.com/lounge-dreams-dark-blue-denim-drawstring-trouser/p/23312530,Lounge Dreams Dark Blue Denim Drawstring Trouser,Lounge Dreams,LOUNG00001680,2130,2130,"https://adn-static1.nykaa.com/nykdesignstudio-images/pub/media/catalog/product/b/e/tr:h-400,w-300,cm-pad_resize/bea65c2LDDP0002_1.jpg?rnd=20200526195200"
"Apr 26, 2026 @ 14:38:21.272",fff0d9ea91c8bccd05bd62db6d2c15d5,https://www.nykaafashion.com/h-m-women-beige-wide-pull-on-trousers/p/26299054,H&M Women Beige Wide Pull-On Trousers,H&M,HNMXX00347417,1499,1499,"https://adn-static1.nykaa.com/nykdesignstudio-images/pub/media/catalog/product/e/8/tr:h-400,w-300,cm-pad_resize/e8cdf0a1217677016_1.jpg?rnd=20200526195200"
"Apr 26, 2026 @ 14:38:21.281",848c94409e6e5c769a28dca8e7954df0,https://www.nykaafashion.com/jockey-a158-women-s-super-combed-cotton-rich-straight-fit-wide-leg-pant-navy-blue/p/16745579,Jockey A158 Women Super Combed Cotton Rich Straight Fit Wide Leg Pants - Navy Blazer,Jockey,JOCKE00021888,899,899,"https://adn-static1.nykaa.com/nykdesignstudio-images/pub/media/catalog/product/b/0/tr:h-400,w-300,cm-pad_resize/b0e2618A1580101NVBLZ_1.jpg?rnd=20200526195200"
"Apr 26, 2026 @ 14:38:21.292",a09b41499e26d054eab55a85fdb4c333,https://www.nykaafashion.com/broadstar-womens-coffee-straight-fit-pleated-korean-trouser/p/24055133,BROADSTAR Womens Coffee Wide Fit Pleated Korean Trouser,BROADSTAR,BROAD00007519,1200,1200,"https://adn-static1.nykaa.com/nykdesignstudio-images/pub/media/catalog/product/4/c/tr:h-400,w-300,cm-pad_resize/4c0d4488127COFFEEBrown_1.jpg?rnd=20200526195200"
"Apr 26, 2026 @ 14:38:21.302",a640fe2ba1865d3322c2421fad888212,https://www.nykaafashion.com/blissclub-women-the-ultimate-flare-pants-lite-with-hidden-back-pocket/p/18107005,Blissclub Women The Ultimate Flare Pants - Lite with Hidden Back Pocket,Blissclub,BLIAD00004135,999,999,"https://adn-static1.nykaa.com/nykdesignstudio-images/pub/media/catalog/product/5/d/tr:h-400,w-300,cm-pad_resize/5d76e98315_1.jpg?rnd=20200526195200"
"Apr 26, 2026 @ 14:38:21.314",e85ebf3fea2c0253327565cc2dc19275,https://www.nykaafashion.com/popnetic-women-solid-black-pure-cotton-skorts/p/21755930,Popnetic Women Solid Black Pure Cotton Skorts,Popnetic,POPNE00000819,613,613,"https://adn-static1.nykaa.com/nykdesignstudio-images/pub/media/catalog/product/8/c/tr:h-400,w-300,cm-pad_resize/8c74d85POP5041Black_1.jpg?rnd=20200526195200"
"Apr 26, 2026 @ 14:38:21.326",79a65ceb6f5962faa80bcd582086d90d,https://www.nykaafashion.com/rock-paper-scissors-black-solid-bootcut-gym-tights/p/18107754,Rock Paper Scissors Black Solid Bootcut Gym Tights,Rock Paper Scissors,ROCKP00000434,855,855,"https://adn-static1.nykaa.com/nykdesignstudio-images/pub/media/catalog/product/e/0/tr:h-400,w-300,cm-pad_resize/e0c2e5fONSWG-TIGHTS-WIDE-FP-BLK_1.jpg?rnd=20200526195200"
"Apr 26, 2026 @ 14:38:21.336",7d399af116e26559c917ea8d7346516a,https://www.nykaafashion.com/lounge-dreams-linen-blend-off-white-pant/p/21885887,Lounge Dreams Linen Blend Off-White Pant,Lounge Dreams,LOUNG00001607,2100,2100,"https://adn-static1.nykaa.com/nykdesignstudio-images/pub/media/catalog/product/b/4/tr:h-400,w-300,cm-pad_resize/b46c36eAALOUNG00001607_1.jpg?rnd=20200526195200"
"Apr 26, 2026 @ 14:38:21.346",3670944cc903bd0d5f1662b83c9e866e,https://www.nykaafashion.com/cider-side-stripe-pull-on-sweats/p/21651045,Cider Side Stripe Pull-On Sweats,Cider,CIDER00100927,1755,1755,"https://adn-static1.nykaa.com/nykdesignstudio-images/pub/media/catalog/product/5/3/tr:h-400,w-300,cm-pad_resize/536cee8CD20241212585940TS-DarkNavy_1.jpg?rnd=20200526195200"
"Apr 26, 2026 @ 14:38:21.356",2328b547e4ece3109177ea689af211a2,https://www.nykaafashion.com/broadstar-womens-dark-beige-straight-fit-pleated-korean-pant/p/24055123,BROADSTAR Womens Dark Beige Wide Fit Pleated Korean Pant,BROADSTAR,BROAD00007509,1200,1200,"https://adn-static1.nykaa.com/nykdesignstudio-images/pub/media/catalog/product/4/c/tr:h-400,w-300,cm-pad_resize/4c0d4488125DBEIGBeige_1.jpg?rnd=20200526195200"
"Apr 26, 2026 @ 14:38:21.365",342865583f8966e36152412eae428bf8,https://www.nykaafashion.com/broadstar-womens-black-straight-fit-pleated-korean-trouser/p/24055132,BROADSTAR Womens Black Wide Fit Pleated Korean Trouser,BROADSTAR,BROAD00007518,1200,1200,"https://adn-static1.nykaa.com/nykdesignstudio-images/pub/media/catalog/product/4/c/tr:h-400,w-300,cm-pad_resize/4c0d4488127BLKBlack_1.jpg?rnd=20200526195200"
"Apr 26, 2026 @ 14:38:21.377",182aee635b56580445715e8f38438b06,https://www.nykaafashion.com/only-womens-solid-flared-brown-pants/p/23256917,ONLY Womens Solid Flared Brown Pants,ONLY,ONLYX00064708,2275,2275,"https://adn-static1.nykaa.com/nykdesignstudio-images/pub/media/catalog/product/6/4/tr:h-400,w-300,cm-pad_resize/64dccda902168202_0.jpg?rnd=20200526195200"
"Apr 26, 2026 @ 14:38:21.388",29ec83befb2d9f20a9156dfae5f19954,https://www.nykaafashion.com/blissclub-women-the-ultimate-leggings-lite-with-hidden-back-pocket/p/18107007,Blissclub Women The Ultimate Leggings - Lite with Hidden Back Pocket,Blissclub,BLIAD00004137,999,999,"https://adn-static1.nykaa.com/nykdesignstudio-images/pub/media/catalog/product/5/d/tr:h-400,w-300,cm-pad_resize/5d76e98410_4.jpg?rnd=20200526195200"
"Apr 26, 2026 @ 14:38:21.399",5864e58bdb43dfaa231c15fd2200f279,https://www.nykaafashion.com/cava-athleisure-ivory-swirl-tennis-skorts/p/22316531,Cava Athleisure Ivory Swirl Tennis Skorts,Cava Athleisure,CAVAB00005140,1400,1400,"https://adn-static1.nykaa.com/nykdesignstudio-images/pub/media/catalog/product/1/8/tr:h-400,w-300,cm-pad_resize/182ea07Style-B_0.jpg?rnd=20200526195200"
"Apr 26, 2026 @ 14:38:21.408",afec02ea48ca0abe76d33b174b338733,https://www.nykaafashion.com/color-capital-women-black-solid-trouser/p/20503136,COLOR CAPITAL Women Black Solid Trouser,COLOR CAPITAL,COLAT00003211,999,999,"https://adn-static1.nykaa.com/nykdesignstudio-images/pub/media/catalog/product/c/6/tr:h-400,w-300,cm-pad_resize/c68b141242black_1.jpg?rnd=20200526195200"
"Apr 26, 2026 @ 14:38:21.699",1a51f9df51d6446d52213f6f8e704faf,https://www.nykaafashion.com/tommy-hilfiger-black-solid-roosevelt-pro-trolley-bag/p/21123754,Tommy Hilfiger Black Solid Roosevelt Pro Trolley Bag,Tommy Hilfiger,TOMAA00078815,3990,3990,"https://adn-static1.nykaa.com/nykdesignstudio-images/pub/media/catalog/product/4/6/tr:h-400,w-300,cm-pad_resize/464dd59ThRooseveltovrPro01Black_1.jpg?rnd=20200526195200"
"Apr 26, 2026 @ 14:38:21.710",336add323618c0f7f486273ef53b4d4a,https://www.nykaafashion.com/esbeda-grey-color-makeup-vanity-bag-for-women/p/14971446,ESBEDA Grey Color Makeup Vanity Bag for Women,ESBEDA,ESBED00002977,1240,1240,"https://adn-static1.nykaa.com/nykdesignstudio-images/pub/media/catalog/product/e/9/tr:h-400,w-300,cm-pad_resize/e9558b416902_1.jpg?rnd=20200526195200"
"Apr 26, 2026 @ 14:38:21.737",197fe490bf36df3ec5e618f9877ea3f5,https://www.nykaafashion.com/safari-luma-neo-hard-polycarbonate-trolley-bag/p/25823448,Safari Luma Neo Hard Polycarbonate Trolley Bag,Safari,SAFAR00000210,2000,2000,"https://adn-static1.nykaa.com/nykdesignstudio-images/pub/media/catalog/product/6/c/tr:h-400,w-300,cm-pad_resize/6cacdd0LUMANEO664WPRN_1.jpg?rnd=20200526195200"
"Apr 26, 2026 @ 14:38:21.753",332c78961b3b98bd8dc9d7203f1f0818,https://www.nykaafashion.com/nasher-miles-krabi-hard-sided-polypropylene-white-trolley-bag/p/21091279,Nasher Miles Krabi Hard-Sided Polypropylene White Trolley Bag,Nasher Miles,NASHE00001246,3299,3299,"https://adn-static1.nykaa.com/nykdesignstudio-images/pub/media/catalog/product/d/a/tr:h-400,w-300,cm-pad_resize/da68aa9MDNMPP13KrabiWhite_1.jpg?rnd=20200526195200"
"Apr 26, 2026 @ 14:38:22.005",a0ce688433bd3dcae2b042bfc5d80850,https://www.nykaafashion.com/samsonite-myton-polycarbonate-8-spinner-wheels-hardside-matte-trolley-bag-grey/p/26158702,Samsonite MYTON Polycarbonate 8 Spinner Wheels Hardside Matte Trolley Bag - Grey,Samsonite,SAMSO00000279,11840,11840,"https://adn-static1.nykaa.com/nykdesignstudio-images/pub/media/catalog/product/f/5/tr:h-400,w-300,cm-pad_resize/f55f2f8LXTBP0559_1.jpg?rnd=20200526195200"
"Apr 26, 2026 @ 14:38:22.027",fca1d9664884ddbfc7db0872edca2532,https://www.nykaafashion.com/tommy-hilfiger-unisex-triton-pro-hard-luggage-trolley-bag-blue-sky-blue/p/16454796,Tommy Hilfiger Unisex Triton Pro Hard Luggage Trolley Bag - Blue & Sky Blue,Tommy Hilfiger,TOMAA00004806,6240,6240,"https://adn-static1.nykaa.com/nykdesignstudio-images/pub/media/catalog/product/8/1/tr:h-400,w-300,cm-pad_resize/81f2059KTOMAA00004806_1.jpg?rnd=20200526195200"
"Apr 26, 2026 @ 14:38:22.066",1b95ab9d0d3e8683da6f0eada60ad087,https://www.nykaafashion.com/aristocrat-atlas-white-combination-lock-hard-cabin-trolley-bag/p/22583698,Aristocrat Atlas White Combination Lock Hard Cabin Trolley Bag,Aristocrat,ARIST00000525,1929,1929,"https://adn-static1.nykaa.com/nykdesignstudio-images/pub/media/catalog/product/3/2/tr:h-400,w-300,cm-pad_resize/32f6118LARIST00000525_1.jpg?rnd=20200526195200"
"Apr 26, 2026 @ 14:38:22.094",d2fb3a6e7af547ad5bcea7d4af3a7f29,https://www.nykaafashion.com/assembly-wide-handle-cabin-trolley-luggage-trolley-bag-45l-with-usb-charging-port-moon-white/p/15510950,Assembly Premium Wide Handle Cabin Trolley Bag (45L) with In-Built TSA Lock & USB Charging Port- Moon White,Assembly,ASSAA00000286,6500,6500,"https://adn-static1.nykaa.com/nykdesignstudio-images/pub/media/catalog/product/a/6/tr:h-400,w-300,cm-pad_resize/a69be9aTASSAA00000286_1.jpg?rnd=20200526195200"
"Apr 26, 2026 @ 14:38:22.104",2b36d1bd3706e423129574513199ceaa,https://www.nykaafashion.com/fur-jaden-black-grey-55-ltr-rucksack-travel-backpack-bag-for-trekking-hiking-with-shoe-compartment/p/3887865,"FUR JADEN Black Grey 55 LTR Rucksack Travel Backpack Bag For Trekking, Hiking with Shoe Compartment",FUR JADEN,FURJA00000032,839,839,"https://adn-static1.nykaa.com/nykdesignstudio-images/pub/media/catalog/product/b/m/tr:h-400,w-300,cm-pad_resize/bm110_blackgrey_1_860aeeb5.jpg?rnd=20200526195200"
"Apr 26, 2026 @ 14:38:22.342",161bba70cffa3a638b4f41fc59f96185,https://www.nykaafashion.com/united-colors-of-benetton-cabin-hard-glide-luggage-bag-rose-pink/p/22608365,United Colors of Benetton Cabin Hard Glide Luggage Bag - Rose Pink,United Colors of Benetton,UNITE00121387,4499,4499,"https://adn-static1.nykaa.com/nykdesignstudio-images/pub/media/catalog/product/1/a/tr:h-400,w-300,cm-pad_resize/1aa03808903496331752_1.jpg?rnd=20200526195200"
"Apr 26, 2026 @ 14:38:22.366",67c0574648f8cac6009e65557926671f,https://www.nykaafashion.com/mokobara-the-access-trunk-luggage-trolley-bag-use-money-moves-sunray-black-and-yellow/p/25679172,MOKOBARA The Access Trunk Luggage Trolley Bag - Use Money Moves Sunray Black and Yellow,MOKOBARA,MOKOB00000461,15999,15999,"https://adn-static1.nykaa.com/nykdesignstudio-images/pub/media/catalog/product/9/d/tr:h-400,w-300,cm-pad_resize/9d5563aTHAAL10CCS28002_1.jpg?rnd=20200526195200"
"Apr 26, 2026 @ 14:38:22.396",4a677be5c2957196d2c41b7e4bdd8051,https://www.nykaafashion.com/guess-charcoal-monogram-polyurethane-kallisto-18-in-8-wheeler-trolley-bag/p/19974666,Guess Charcoal Monogram Polyurethane Kallisto 18 In 8 Wheeler Trolley Bag,Guess,GUEAB00022358,14700,14700,"https://adn-static1.nykaa.com/nykdesignstudio-images/pub/media/catalog/product/4/5/tr:h-400,w-300,cm-pad_resize/457bcff190231849346_1.jpg?rnd=20200526195200"
"Apr 26, 2026 @ 14:38:22.406",4e26a44b52b658055d712cdc74f20f4d,https://www.nykaafashion.com/tommy-hilfiger-unisex-cabin-hard-rockfill-luggage-trolly-bag-blue/p/22205944,Tommy Hilfiger Unisex Cabin Hard Rockfill Luggage Trolly Bag - Blue,Tommy Hilfiger,TOMAA00089776,7930,7930,"https://adn-static1.nykaa.com/nykdesignstudio-images/pub/media/catalog/product/1/6/tr:h-400,w-300,cm-pad_resize/16d4416TH-ROCKFILLHL0655_1.jpg?rnd=20200526195200"
"Apr 26, 2026 @ 14:38:22.704",6000d3e35fd30b552e1f5daa48b9cbe2,https://www.nykaafashion.com/it-luggage-indulging-expandable-lightweight-spinner-wheels-tsa-lock-trolley-bag/p/25409975,it luggage Indulging Expandable Lightweight Spinner Wheels TSA Lock Trolley Bag,it luggage,ITLUG00001013,8550,8550,"https://adn-static1.nykaa.com/nykdesignstudio-images/pub/media/catalog/product/d/e/tr:h-400,w-300,cm-pad_resize/de95f85INDG3039CRM24_1.jpg?rnd=20200526195200"
"Apr 26, 2026 @ 14:38:22.726",3b4fa5437d520b1bc3d484a1de9c74c8,https://www.nykaafashion.com/hamster-london-women-city-champs-travel-printed-multi-color-trolley-bag-m/p/19602978,Hamster London City Champs Trolley Bag (M),Hamster London,HAMST00000366,3353,3353,"https://adn-static1.nykaa.com/nykdesignstudio-images/pub/media/catalog/product/2/b/tr:h-400,w-300,cm-pad_resize/2b2cc9eHL2098_1.jpg?rnd=20200526195200"
"Apr 26, 2026 @ 14:38:22.743",047a34665104f7a024feaa995b2fdb4d,https://www.nykaafashion.com/kenneth-cole-unisex-reneged-expandable-trolley-bag-navy-blue/p/24959112,Kenneth Cole Unisex Reneged Expandable Trolley Bag - Navy Blue,Kenneth Cole,KENAC00001599,4499,4499,"https://adn-static1.nykaa.com/nykdesignstudio-images/pub/media/catalog/product/c/4/tr:h-400,w-300,cm-pad_resize/c457b4eKCTR3323NVY20_1.jpg?rnd=20200526195200"
"Apr 26, 2026 @ 14:38:22.753",bc4dc1b75c2489db226c8b2ff30cba2f,https://www.nykaafashion.com/harissons-d-lite-expander-luggage-bag-grey-l/p/15983402,Harissons D-Lite Expander Luggage Bag - Grey (L),Harissons,HARAB00000225,3999,3999,"https://adn-static1.nykaa.com/nykdesignstudio-images/pub/media/catalog/product/2/6/tr:h-400,w-300,cm-pad_resize/264cc7bHB1029GREYRED_1.jpg?rnd=20200526195200"
"Apr 26, 2026 @ 14:38:22.762",4b6b2e67513ce18d86490247fdbc7d23,https://www.nykaafashion.com/skybags-black-abs-composite-abstract-trolley-bag-small/p/24570822,Skybags Black Abs Composite Abstract Trolley Bag Small,Skybags,SKYBA00001107,2089,2089,"https://adn-static1.nykaa.com/nykdesignstudio-images/pub/media/catalog/product/6/9/tr:h-400,w-300,cm-pad_resize/6931989SPLASS55SBlack1_1.jpg?rnd=20200526195200"
"Apr 26, 2026 @ 14:38:23.017",cc4809fc4febba695c6a3877094996e1,https://www.nykaafashion.com/heys-astro-rang-silver-color-case/p/5717332,"HEYS ASTRO Silver Color Polycarbonate Material Hard 26"" Medium Trolley",HEYS,HEYSX00000062,11025,11025,"https://adn-static1.nykaa.com/nykdesignstudio-images/pub/media/catalog/product/7/0/tr:h-400,w-300,cm-pad_resize/705bbf4HEYSX00000062_(1).jpg?rnd=20200526195200"
"Apr 26, 2026 @ 14:38:23.029",b82b42f21e610863f3f4561701ce8435,https://www.nykaafashion.com/assembly-blue-hard-body-luggage-large-mediumcheck-in-suitcase-cabin-trolley-set-of-3/p/5478301,"Assembly Premium Hardsided Luggage Set of 3 - Checkin (24, 28 inch) & Cabin (20 inch) Trolley Bags - Blue",Assembly,ASSAA00000091,15998,15998,"https://adn-static1.nykaa.com/nykdesignstudio-images/pub/media/catalog/product/0/1/tr:h-400,w-300,cm-pad_resize/0177a31NK_ASSAA00000091_1.jpg?rnd=20200526195200"
"Apr 26, 2026 @ 14:38:23.057",fe4544d1c3dc35727ef011eed23cb698,https://www.nykaafashion.com/move-meant-travel-fun-polycarbonate-trolley-bag-off-white/p/25425097,MOVE-MEANT Travel Fun Polycarbonate Trolley Bag - Off White,MOVE-MEANT,MOVEM00000177,2520,2520,"https://adn-static1.nykaa.com/nykdesignstudio-images/pub/media/catalog/product/3/c/tr:h-400,w-300,cm-pad_resize/3cfd1ddMEANT210200011100660_1.jpg?rnd=20200526195200"
"Apr 26, 2026 @ 14:38:23.082",09dad2d9e578ab4ffdc48e35d0ba13bb,https://www.nykaafashion.com/nasher-miles-krabi-hard-sided-polypropylene-yellow-trolley-bag/p/21091278,Nasher Miles Krabi Hard-Sided Polypropylene Yellow Trolley Bag,Nasher Miles,NASHE00001245,3299,3299,"https://adn-static1.nykaa.com/nykdesignstudio-images/pub/media/catalog/product/d/a/tr:h-400,w-300,cm-pad_resize/da68aa9MDNMPP13KrabiYellow_1.jpg?rnd=20200526195200"
"Apr 26, 2026 @ 14:38:23.094",c149c8b7fc4816d0600f55d3a43711a2,https://www.nykaafashion.com/united-colors-of-benetton-cabin-hard-glide-luggage-bag-black/p/22608364,United Colors of Benetton Cabin Hard Glide Luggage Bag - Black,United Colors of Benetton,UNITE00121386,4499,4499,"https://adn-static1.nykaa.com/nykdesignstudio-images/pub/media/catalog/product/1/a/tr:h-400,w-300,cm-pad_resize/1aa03808903496331721_1.jpg?rnd=20200526195200"
"Apr 26, 2026 @ 14:38:23.107",af9b677b38a090aacbded9d780db8368,https://www.nykaafashion.com/tommy-hilfiger-unisex-triton-pro-hard-luggage-trolley-bag-navy-red-white/p/16454798,Tommy Hilfiger Unisex Triton Pro Hard Luggage Trolley Bag - Navy & Red & White,Tommy Hilfiger,TOMAA00004808,6240,6240,"https://adn-static1.nykaa.com/nykdesignstudio-images/pub/media/catalog/product/8/1/tr:h-400,w-300,cm-pad_resize/81f2059KTOMAA00004808_1.jpg?rnd=20200526195200"
"Apr 26, 2026 @ 14:38:23.348",779c41a0f4ee45b5baa0f1846e503028,https://www.nykaafashion.com/mokobara-the-transit-trunk-unisex-travel-use-we-meet-again-sunray-trolley-bag-navy-blue/p/25588435,MOKOBARA The Transit Trunk Unisex Travel Use We Meet Again Sunray Trolley Bag - Navy Blue,MOKOBARA,MOKOB00000418,6249,6249,"https://adn-static1.nykaa.com/nykdesignstudio-images/pub/media/catalog/product/b/0/tr:h-400,w-300,cm-pad_resize/b067007THATT10CMS28002_1.jpg?rnd=20200526195200"
"Apr 26, 2026 @ 14:38:23.358",a4c6c7bf3dea9891da1b4b631f5dd2bd,https://www.nykaafashion.com/aristocrat-atlas-teal-combination-lock-hard-cabin-trolley-bag/p/22583697,Aristocrat Atlas Teal Combination Lock Hard Cabin Trolley Bag,Aristocrat,ARIST00000524,1929,1929,"https://adn-static1.nykaa.com/nykdesignstudio-images/pub/media/catalog/product/3/2/tr:h-400,w-300,cm-pad_resize/32f6118LARIST00000524_1.jpg?rnd=20200526195200"
"Apr 26, 2026 @ 14:38:23.409",226a246dc0de164013fe76a1d0a99ff2,https://www.nykaafashion.com/it-luggage-destination-dark-olive-expandable-20-trolley-bag/p/15691096,it luggage Destination Dark Olive Cabin Expandable Hardsided TSA Trolley Bag,it luggage,ITLUG00000728,5900,5900,"https://adn-static1.nykaa.com/nykdesignstudio-images/pub/media/catalog/product/b/0/tr:h-400,w-300,cm-pad_resize/b0455b62915-DO_6.jpg?rnd=20200526195200"
"Apr 26, 2026 @ 14:38:23.464",d460fc09dc0d15c0d5d13624d2969ced,https://www.nykaafashion.com/guess-beige-printed-trolley-bag/p/18323973,Guess Beige Printed Trolley Bag,Guess,GUEAB00013040,14000,14000,"https://adn-static1.nykaa.com/nykdesignstudio-images/pub/media/catalog/product/0/5/tr:h-400,w-300,cm-pad_resize/05c2df8H8389982DOV_1.jpg?rnd=20200526195200"
"Apr 26, 2026 @ 14:38:23.671",3a161e666fedc7fb49d9ed3f797d56c1,https://www.nykaafashion.com/kenneth-cole-unisex-reneged-expandable-trolley-bag-rose-gold/p/24959113,Kenneth Cole Unisex Reneged Expandable Trolley Bag - Rose Gold,Kenneth Cole,KENAC00001600,4499,4499,"https://adn-static1.nykaa.com/nykdesignstudio-images/pub/media/catalog/product/c/4/tr:h-400,w-300,cm-pad_resize/c457b4eKCTR3323RSGD20_1.jpg?rnd=20200526195200"
"Apr 26, 2026 @ 14:38:23.689",0d90c26a458b569c9b745009cd0ad072,https://www.nykaafashion.com/tommy-hilfiger-navy-blue-solid-carolina-pro-trolley-bag/p/21123759,Tommy Hilfiger Navy Blue Solid Carolina Pro Trolley Bag,Tommy Hilfiger,TOMAA00078820,3445,3445,"https://adn-static1.nykaa.com/nykdesignstudio-images/pub/media/catalog/product/4/6/tr:h-400,w-300,cm-pad_resize/464dd59ThCarolinaovrPro08NavyBlue_1.jpg?rnd=20200526195200"
"Apr 26, 2026 @ 14:38:23.701",a3914f95657d083b6bf64584ed5ac9e2,https://www.nykaafashion.com/nasher-miles-polypropylene-luggage-brown-trolley-bags-set-of-3/p/14693480,Nasher Miles Polypropylene Luggage Brown Trolley Bags (Set of 3),Nasher Miles,NASHE00000522,11517,11517,"https://adn-static1.nykaa.com/nykdesignstudio-images/pub/media/catalog/product/b/f/tr:h-400,w-300,cm-pad_resize/bff4d78B0CJFTJV8F_1.jpg?rnd=20200526195200"
"Apr 26, 2026 @ 14:38:23.718",6cd3147435397b76bfb09d246da0d53c,https://www.nykaafashion.com/tommy-hilfiger-unisex-cabin-hard-rockfill-luggage-trolly-bag-red/p/22205945,Tommy Hilfiger Unisex Cabin Hard Rockfill Luggage Trolly Bag - Red,Tommy Hilfiger,TOMAA00089777,7930,7930,"https://adn-static1.nykaa.com/nykdesignstudio-images/pub/media/catalog/product/1/6/tr:h-400,w-300,cm-pad_resize/16d4416TH-ROCKFILLHL0555_1.jpg?rnd=20200526195200"
"Apr 26, 2026 @ 14:38:23.734",65c42f110aad1d3400b056ebd8cd4bee,https://www.nykaafashion.com/dkny-allore-range-champagne-color-hard-cabin-luggage/p/4605728,DKNY Allore Range Champagne Color Hard Cabin Luggage,DKNY,DKNYX00000101,20295,20295,"https://adn-static1.nykaa.com/nykdesignstudio-images/pub/media/catalog/product/5/0/tr:h-400,w-300,cm-pad_resize/5040a21NYK_DKNYX00000101_1.jpg?rnd=20200526195200"
"Apr 26, 2026 @ 14:38:23.787",fe6949f527dea31819747bb3b62716f9,https://www.nykaafashion.com/safari-luma-neo-hard-polycarbonate-trolley-bags-s-m/p/25823415,Safari Luma Neo Hard Polycarbonate Trolley Bags (S/M),Safari,SAFAR00000208,4180,4180,"https://adn-static1.nykaa.com/nykdesignstudio-images/pub/media/catalog/product/6/c/tr:h-400,w-300,cm-pad_resize/6cacdd0LUMANEOSM4WPRN_1.jpg?rnd=20200526195200"
"Apr 26, 2026 @ 14:38:23.805",336add323618c0f7f486273ef53b4d4a,https://www.nykaafashion.com/esbeda-grey-color-makeup-vanity-bag-for-women/p/14971446,ESBEDA Grey Color Makeup Vanity Bag for Women,ESBEDA,ESBED00002977,1240,1240,"https://adn-static1.nykaa.com/nykdesignstudio-images/pub/media/catalog/product/e/9/tr:h-400,w-300,cm-pad_resize/e9558b416902_1.jpg?rnd=20200526195200"
"Apr 26, 2026 @ 14:38:23.824",197fe490bf36df3ec5e618f9877ea3f5,https://www.nykaafashion.com/safari-luma-neo-hard-polycarbonate-trolley-bag/p/25823448,Safari Luma Neo Hard Polycarbonate Trolley Bag,Safari,SAFAR00000210,2000,2000,"https://adn-static1.nykaa.com/nykdesignstudio-images/pub/media/catalog/product/6/c/tr:h-400,w-300,cm-pad_resize/6cacdd0LUMANEO664WPRN_1.jpg?rnd=20200526195200"
"Apr 26, 2026 @ 14:38:23.845",1a51f9df51d6446d52213f6f8e704faf,https://www.nykaafashion.com/tommy-hilfiger-black-solid-roosevelt-pro-trolley-bag/p/21123754,Tommy Hilfiger Black Solid Roosevelt Pro Trolley Bag,Tommy Hilfiger,TOMAA00078815,3990,3990,"https://adn-static1.nykaa.com/nykdesignstudio-images/pub/media/catalog/product/4/6/tr:h-400,w-300,cm-pad_resize/464dd59ThRooseveltovrPro01Black_1.jpg?rnd=20200526195200"
"Apr 26, 2026 @ 14:38:23.865",332c78961b3b98bd8dc9d7203f1f0818,https://www.nykaafashion.com/nasher-miles-krabi-hard-sided-polypropylene-white-trolley-bag/p/21091279,Nasher Miles Krabi Hard-Sided Polypropylene White Trolley Bag,Nasher Miles,NASHE00001246,3299,3299,"https://adn-static1.nykaa.com/nykdesignstudio-images/pub/media/catalog/product/d/a/tr:h-400,w-300,cm-pad_resize/da68aa9MDNMPP13KrabiWhite_1.jpg?rnd=20200526195200"
"Apr 26, 2026 @ 14:38:23.886",1b95ab9d0d3e8683da6f0eada60ad087,https://www.nykaafashion.com/aristocrat-atlas-white-combination-lock-hard-cabin-trolley-bag/p/22583698,Aristocrat Atlas White Combination Lock Hard Cabin Trolley Bag,Aristocrat,ARIST00000525,1929,1929,"https://adn-static1.nykaa.com/nykdesignstudio-images/pub/media/catalog/product/3/2/tr:h-400,w-300,cm-pad_resize/32f6118LARIST00000525_1.jpg?rnd=20200526195200"
"Apr 26, 2026 @ 14:38:23.905",fca1d9664884ddbfc7db0872edca2532,https://www.nykaafashion.com/tommy-hilfiger-unisex-triton-pro-hard-luggage-trolley-bag-blue-sky-blue/p/16454796,Tommy Hilfiger Unisex Triton Pro Hard Luggage Trolley Bag - Blue & Sky Blue,Tommy Hilfiger,TOMAA00004806,6240,6240,"https://adn-static1.nykaa.com/nykdesignstudio-images/pub/media/catalog/product/8/1/tr:h-400,w-300,cm-pad_resize/81f2059KTOMAA00004806_1.jpg?rnd=20200526195200"
"Apr 26, 2026 @ 14:38:23.925",a0ce688433bd3dcae2b042bfc5d80850,https://www.nykaafashion.com/samsonite-myton-polycarbonate-8-spinner-wheels-hardside-matte-trolley-bag-grey/p/26158702,Samsonite MYTON Polycarbonate 8 Spinner Wheels Hardside Matte Trolley Bag - Grey,Samsonite,SAMSO00000279,11840,11840,"https://adn-static1.nykaa.com/nykdesignstudio-images/pub/media/catalog/product/f/5/tr:h-400,w-300,cm-pad_resize/f55f2f8LXTBP0559_1.jpg?rnd=20200526195200"
"Apr 26, 2026 @ 14:38:23.944",d2fb3a6e7af547ad5bcea7d4af3a7f29,https://www.nykaafashion.com/assembly-wide-handle-cabin-trolley-luggage-trolley-bag-45l-with-usb-charging-port-moon-white/p/15510950,Assembly Premium Wide Handle Cabin Trolley Bag (45L) with In-Built TSA Lock & USB Charging Port- Moon White,Assembly,ASSAA00000286,6500,6500,"https://adn-static1.nykaa.com/nykdesignstudio-images/pub/media/catalog/product/a/6/tr:h-400,w-300,cm-pad_resize/a69be9aTASSAA00000286_1.jpg?rnd=20200526195200"
"Apr 26, 2026 @ 14:38:23.964",67c0574648f8cac6009e65557926671f,https://www.nykaafashion.com/mokobara-the-access-trunk-luggage-trolley-bag-use-money-moves-sunray-black-and-yellow/p/25679172,MOKOBARA The Access Trunk Luggage Trolley Bag - Use Money Moves Sunray Black and Yellow,MOKOBARA,MOKOB00000461,15999,15999,"https://adn-static1.nykaa.com/nykdesignstudio-images/pub/media/catalog/product/9/d/tr:h-400,w-300,cm-pad_resize/9d5563aTHAAL10CCS28002_1.jpg?rnd=20200526195200"
"Apr 26, 2026 @ 14:38:23.977",161bba70cffa3a638b4f41fc59f96185,https://www.nykaafashion.com/united-colors-of-benetton-cabin-hard-glide-luggage-bag-rose-pink/p/22608365,United Colors of Benetton Cabin Hard Glide Luggage Bag - Rose Pink,United Colors of Benetton,UNITE00121387,4499,4499,"https://adn-static1.nykaa.com/nykdesignstudio-images/pub/media/catalog/product/1/a/tr:h-400,w-300,cm-pad_resize/1aa03808903496331752_1.jpg?rnd=20200526195200"
"Apr 26, 2026 @ 14:38:23.990",4a677be5c2957196d2c41b7e4bdd8051,https://www.nykaafashion.com/guess-charcoal-monogram-polyurethane-kallisto-18-in-8-wheeler-trolley-bag/p/19974666,Guess Charcoal Monogram Polyurethane Kallisto 18 In 8 Wheeler Trolley Bag,Guess,GUEAB00022358,14700,14700,"https://adn-static1.nykaa.com/nykdesignstudio-images/pub/media/catalog/product/4/5/tr:h-400,w-300,cm-pad_resize/457bcff190231849346_1.jpg?rnd=20200526195200"
"Apr 26, 2026 @ 14:38:24.002",4e26a44b52b658055d712cdc74f20f4d,https://www.nykaafashion.com/tommy-hilfiger-unisex-cabin-hard-rockfill-luggage-trolly-bag-blue/p/22205944,Tommy Hilfiger Unisex Cabin Hard Rockfill Luggage Trolly Bag - Blue,Tommy Hilfiger,TOMAA00089776,7930,7930,"https://adn-static1.nykaa.com/nykdesignstudio-images/pub/media/catalog/product/1/6/tr:h-400,w-300,cm-pad_resize/16d4416TH-ROCKFILLHL0655_1.jpg?rnd=20200526195200"
"Apr 26, 2026 @ 14:38:24.017",36d1c93737b417820b397e02738e2191,https://www.nykaafashion.com/aristocrat-atlas-teal-combination-lock-hard-trolley-bags-set-of-2/p/22583691,Aristocrat Atlas Teal Combination Lock Hard Trolley Bags (Set of 2) (S/M),Aristocrat,ARIST00000518,3990,3990,"https://adn-static1.nykaa.com/nykdesignstudio-images/pub/media/catalog/product/3/2/tr:h-400,w-300,cm-pad_resize/32f6118LARIST00000518_1.jpg?rnd=20200526195200"
"Apr 26, 2026 @ 14:38:24.031",6000d3e35fd30b552e1f5daa48b9cbe2,https://www.nykaafashion.com/it-luggage-indulging-expandable-lightweight-spinner-wheels-tsa-lock-trolley-bag/p/25409975,it luggage Indulging Expandable Lightweight Spinner Wheels TSA Lock Trolley Bag,it luggage,ITLUG00001013,8550,8550,"https://adn-static1.nykaa.com/nykdesignstudio-images/pub/media/catalog/product/d/e/tr:h-400,w-300,cm-pad_resize/de95f85INDG3039CRM24_1.jpg?rnd=20200526195200"
"Apr 26, 2026 @ 14:38:24.046",fe4544d1c3dc35727ef011eed23cb698,https://www.nykaafashion.com/move-meant-travel-fun-polycarbonate-trolley-bag-off-white/p/25425097,MOVE-MEANT Travel Fun Polycarbonate Trolley Bag - Off White,MOVE-MEANT,MOVEM00000177,2520,2520,"https://adn-static1.nykaa.com/nykdesignstudio-images/pub/media/catalog/product/3/c/tr:h-400,w-300,cm-pad_resize/3cfd1ddMEANT210200011100660_1.jpg?rnd=20200526195200"
"Apr 26, 2026 @ 14:38:24.062",047a34665104f7a024feaa995b2fdb4d,https://www.nykaafashion.com/kenneth-cole-unisex-reneged-expandable-trolley-bag-navy-blue/p/24959112,Kenneth Cole Unisex Reneged Expandable Trolley Bag - Navy Blue,Kenneth Cole,KENAC00001599,4499,4499,"https://adn-static1.nykaa.com/nykdesignstudio-images/pub/media/catalog/product/c/4/tr:h-400,w-300,cm-pad_resize/c457b4eKCTR3323NVY20_1.jpg?rnd=20200526195200"
"Apr 26, 2026 @ 14:38:24.078",2b36d1bd3706e423129574513199ceaa,https://www.nykaafashion.com/fur-jaden-black-grey-55-ltr-rucksack-travel-backpack-bag-for-trekking-hiking-with-shoe-compartment/p/3887865,"FUR JADEN Black Grey 55 LTR Rucksack Travel Backpack Bag For Trekking, Hiking with Shoe Compartment",FUR JADEN,FURJA00000032,839,839,"https://adn-static1.nykaa.com/nykdesignstudio-images/pub/media/catalog/product/b/m/tr:h-400,w-300,cm-pad_resize/bm110_blackgrey_1_860aeeb5.jpg?rnd=20200526195200"
"Apr 26, 2026 @ 14:38:24.092",2242322a5b160a49a2a960b9dcae2041,https://www.nykaafashion.com/puma-pink-phase-sports-bridal-travel-bag/p/338949,Puma Pink Phase Sports Bridal Travel Bag,Puma,4060981723554,900,900,"https://adn-static1.nykaa.com/nykdesignstudio-images/pub/media/catalog/product/5/2/tr:h-400,w-300,cm-pad_resize/5286a4bM4060981723554_0.jpg?rnd=20200526195200"
"Apr 26, 2026 @ 14:38:24.102",3b4fa5437d520b1bc3d484a1de9c74c8,https://www.nykaafashion.com/hamster-london-women-city-champs-travel-printed-multi-color-trolley-bag-m/p/19602978,Hamster London City Champs Trolley Bag (M),Hamster London,HAMST00000366,3353,3353,"https://adn-static1.nykaa.com/nykdesignstudio-images/pub/media/catalog/product/2/b/tr:h-400,w-300,cm-pad_resize/2b2cc9eHL2098_1.jpg?rnd=20200526195200"
"Apr 26, 2026 @ 14:38:24.115",bc4dc1b75c2489db226c8b2ff30cba2f,https://www.nykaafashion.com/harissons-d-lite-expander-luggage-bag-grey-l/p/15983402,Harissons D-Lite Expander Luggage Bag - Grey (L),Harissons,HARAB00000225,3999,3999,"https://adn-static1.nykaa.com/nykdesignstudio-images/pub/media/catalog/product/2/6/tr:h-400,w-300,cm-pad_resize/264cc7bHB1029GREYRED_1.jpg?rnd=20200526195200"
"Apr 26, 2026 @ 14:38:24.128",66009638b2c9926276193922a9c7157b,https://www.nykaafashion.com/mokobara-the-transit-cabin-overnighter-unisex-travel-use-money-moves-trolley-bag-black/p/25588436,MOKOBARA The Transit Cabin Overnighter Unisex Travel Use Money Moves Trolley Bag - Black,MOKOBARA,MOKOB00000419,6769,6769,"https://adn-static1.nykaa.com/nykdesignstudio-images/pub/media/catalog/product/b/0/tr:h-400,w-300,cm-pad_resize/b067007THATCO10CCS22002_1.jpg?rnd=20200526195200"
"Apr 26, 2026 @ 14:38:24.142",cc4809fc4febba695c6a3877094996e1,https://www.nykaafashion.com/heys-astro-rang-silver-color-case/p/5717332,"HEYS ASTRO Silver Color Polycarbonate Material Hard 26"" Medium Trolley",HEYS,HEYSX00000062,11025,11025,"https://adn-static1.nykaa.com/nykdesignstudio-images/pub/media/catalog/product/7/0/tr:h-400,w-300,cm-pad_resize/705bbf4HEYSX00000062_(1).jpg?rnd=20200526195200"
"Apr 26, 2026 @ 14:38:24.156",09dad2d9e578ab4ffdc48e35d0ba13bb,https://www.nykaafashion.com/nasher-miles-krabi-hard-sided-polypropylene-yellow-trolley-bag/p/21091278,Nasher Miles Krabi Hard-Sided Polypropylene Yellow Trolley Bag,Nasher Miles,NASHE00001245,3299,3299,"https://adn-static1.nykaa.com/nykdesignstudio-images/pub/media/catalog/product/d/a/tr:h-400,w-300,cm-pad_resize/da68aa9MDNMPP13KrabiYellow_1.jpg?rnd=20200526195200"
"Apr 26, 2026 @ 14:38:24.172",af9b677b38a090aacbded9d780db8368,https://www.nykaafashion.com/tommy-hilfiger-unisex-triton-pro-hard-luggage-trolley-bag-navy-red-white/p/16454798,Tommy Hilfiger Unisex Triton Pro Hard Luggage Trolley Bag - Navy & Red & White,Tommy Hilfiger,TOMAA00004808,6240,6240,"https://adn-static1.nykaa.com/nykdesignstudio-images/pub/media/catalog/product/8/1/tr:h-400,w-300,cm-pad_resize/81f2059KTOMAA00004808_1.jpg?rnd=20200526195200"
"Apr 26, 2026 @ 14:38:24.185",a4c6c7bf3dea9891da1b4b631f5dd2bd,https://www.nykaafashion.com/aristocrat-atlas-teal-combination-lock-hard-cabin-trolley-bag/p/22583697,Aristocrat Atlas Teal Combination Lock Hard Cabin Trolley Bag,Aristocrat,ARIST00000524,1929,1929,"https://adn-static1.nykaa.com/nykdesignstudio-images/pub/media/catalog/product/3/2/tr:h-400,w-300,cm-pad_resize/32f6118LARIST00000524_1.jpg?rnd=20200526195200"
"Apr 26, 2026 @ 14:38:24.196",779c41a0f4ee45b5baa0f1846e503028,https://www.nykaafashion.com/mokobara-the-transit-trunk-unisex-travel-use-we-meet-again-sunray-trolley-bag-navy-blue/p/25588435,MOKOBARA The Transit Trunk Unisex Travel Use We Meet Again Sunray Trolley Bag - Navy Blue,MOKOBARA,MOKOB00000418,6249,6249,"https://adn-static1.nykaa.com/nykdesignstudio-images/pub/media/catalog/product/b/0/tr:h-400,w-300,cm-pad_resize/b067007THATT10CMS28002_1.jpg?rnd=20200526195200"
"Apr 26, 2026 @ 14:38:24.207",b82b42f21e610863f3f4561701ce8435,https://www.nykaafashion.com/assembly-blue-hard-body-luggage-large-mediumcheck-in-suitcase-cabin-trolley-set-of-3/p/5478301,"Assembly Premium Hardsided Luggage Set of 3 - Checkin (24, 28 inch) & Cabin (20 inch) Trolley Bags - Blue",Assembly,ASSAA00000091,15998,15998,"https://adn-static1.nykaa.com/nykdesignstudio-images/pub/media/catalog/product/0/1/tr:h-400,w-300,cm-pad_resize/0177a31NK_ASSAA00000091_1.jpg?rnd=20200526195200"
"Apr 26, 2026 @ 14:38:24.224",6cd3147435397b76bfb09d246da0d53c,https://www.nykaafashion.com/tommy-hilfiger-unisex-cabin-hard-rockfill-luggage-trolly-bag-red/p/22205945,Tommy Hilfiger Unisex Cabin Hard Rockfill Luggage Trolly Bag - Red,Tommy Hilfiger,TOMAA00089777,7930,7930,"https://adn-static1.nykaa.com/nykdesignstudio-images/pub/media/catalog/product/1/6/tr:h-400,w-300,cm-pad_resize/16d4416TH-ROCKFILLHL0555_1.jpg?rnd=20200526195200"
"Apr 26, 2026 @ 14:38:24.237",226a246dc0de164013fe76a1d0a99ff2,https://www.nykaafashion.com/it-luggage-destination-dark-olive-expandable-20-trolley-bag/p/15691096,it luggage Destination Dark Olive Cabin Expandable Hardsided TSA Trolley Bag,it luggage,ITLUG00000728,5900,5900,"https://adn-static1.nykaa.com/nykdesignstudio-images/pub/media/catalog/product/b/0/tr:h-400,w-300,cm-pad_resize/b0455b62915-DO_6.jpg?rnd=20200526195200"
"Apr 26, 2026 @ 14:38:24.251",fe6949f527dea31819747bb3b62716f9,https://www.nykaafashion.com/safari-luma-neo-hard-polycarbonate-trolley-bags-s-m/p/25823415,Safari Luma Neo Hard Polycarbonate Trolley Bags (S/M),Safari,SAFAR00000208,4180,4180,"https://adn-static1.nykaa.com/nykdesignstudio-images/pub/media/catalog/product/6/c/tr:h-400,w-300,cm-pad_resize/6cacdd0LUMANEOSM4WPRN_1.jpg?rnd=20200526195200"
"Apr 26, 2026 @ 14:38:24.264",c149c8b7fc4816d0600f55d3a43711a2,https://www.nykaafashion.com/united-colors-of-benetton-cabin-hard-glide-luggage-bag-black/p/22608364,United Colors of Benetton Cabin Hard Glide Luggage Bag - Black,United Colors of Benetton,UNITE00121386,4499,4499,"https://adn-static1.nykaa.com/nykdesignstudio-images/pub/media/catalog/product/1/a/tr:h-400,w-300,cm-pad_resize/1aa03808903496331721_1.jpg?rnd=20200526195200"
"Apr 26, 2026 @ 14:38:24.275",0d90c26a458b569c9b745009cd0ad072,https://www.nykaafashion.com/tommy-hilfiger-navy-blue-solid-carolina-pro-trolley-bag/p/21123759,Tommy Hilfiger Navy Blue Solid Carolina Pro Trolley Bag,Tommy Hilfiger,TOMAA00078820,3445,3445,"https://adn-static1.nykaa.com/nykdesignstudio-images/pub/media/catalog/product/4/6/tr:h-400,w-300,cm-pad_resize/464dd59ThCarolinaovrPro08NavyBlue_1.jpg?rnd=20200526195200"
"Apr 26, 2026 @ 14:38:24.290",3a161e666fedc7fb49d9ed3f797d56c1,https://www.nykaafashion.com/kenneth-cole-unisex-reneged-expandable-trolley-bag-rose-gold/p/24959113,Kenneth Cole Unisex Reneged Expandable Trolley Bag - Rose Gold,Kenneth Cole,KENAC00001600,4499,4499,"https://adn-static1.nykaa.com/nykdesignstudio-images/pub/media/catalog/product/c/4/tr:h-400,w-300,cm-pad_resize/c457b4eKCTR3323RSGD20_1.jpg?rnd=20200526195200"
"Apr 26, 2026 @ 14:38:24.306",66009638b2c9926276193922a9c7157b,https://www.nykaafashion.com/mokobara-the-transit-cabin-overnighter-unisex-travel-use-money-moves-trolley-bag-black/p/25588436,MOKOBARA The Transit Cabin Overnighter Unisex Travel Use Money Moves Trolley Bag - Black,MOKOBARA,MOKOB00000419,6769,6769,"https://adn-static1.nykaa.com/nykdesignstudio-images/pub/media/catalog/product/b/0/tr:h-400,w-300,cm-pad_resize/b067007THATCO10CCS22002_1.jpg?rnd=20200526195200"
"Apr 26, 2026 @ 14:38:24.321",36d1c93737b417820b397e02738e2191,https://www.nykaafashion.com/aristocrat-atlas-teal-combination-lock-hard-trolley-bags-set-of-2/p/22583691,Aristocrat Atlas Teal Combination Lock Hard Trolley Bags (Set of 2) (S/M),Aristocrat,ARIST00000518,3990,3990,"https://adn-static1.nykaa.com/nykdesignstudio-images/pub/media/catalog/product/3/2/tr:h-400,w-300,cm-pad_resize/32f6118LARIST00000518_1.jpg?rnd=20200526195200"
"Apr 26, 2026 @ 14:38:24.337",d460fc09dc0d15c0d5d13624d2969ced,https://www.nykaafashion.com/guess-beige-printed-trolley-bag/p/18323973,Guess Beige Printed Trolley Bag,Guess,GUEAB00013040,14000,14000,"https://adn-static1.nykaa.com/nykdesignstudio-images/pub/media/catalog/product/0/5/tr:h-400,w-300,cm-pad_resize/05c2df8H8389982DOV_1.jpg?rnd=20200526195200"
"Apr 26, 2026 @ 14:38:24.349",a3914f95657d083b6bf64584ed5ac9e2,https://www.nykaafashion.com/nasher-miles-polypropylene-luggage-brown-trolley-bags-set-of-3/p/14693480,Nasher Miles Polypropylene Luggage Brown Trolley Bags (Set of 3),Nasher Miles,NASHE00000522,11517,11517,"https://adn-static1.nykaa.com/nykdesignstudio-images/pub/media/catalog/product/b/f/tr:h-400,w-300,cm-pad_resize/bff4d78B0CJFTJV8F_1.jpg?rnd=20200526195200"
"Apr 26, 2026 @ 14:38:24.361",2242322a5b160a49a2a960b9dcae2041,https://www.nykaafashion.com/puma-pink-phase-sports-bridal-travel-bag/p/338949,Puma Pink Phase Sports Bridal Travel Bag,Puma,4060981723554,900,900,"https://adn-static1.nykaa.com/nykdesignstudio-images/pub/media/catalog/product/5/2/tr:h-400,w-300,cm-pad_resize/5286a4bM4060981723554_0.jpg?rnd=20200526195200"
"Apr 26, 2026 @ 14:38:24.376",65c42f110aad1d3400b056ebd8cd4bee,https://www.nykaafashion.com/dkny-allore-range-champagne-color-hard-cabin-luggage/p/4605728,DKNY Allore Range Champagne Color Hard Cabin Luggage,DKNY,DKNYX00000101,20295,20295,"https://adn-static1.nykaa.com/nykdesignstudio-images/pub/media/catalog/product/5/0/tr:h-400,w-300,cm-pad_resize/5040a21NYK_DKNYX00000101_1.jpg?rnd=20200526195200"
"Apr 26, 2026 @ 14:38:24.436",f16a99589431a6c88bda2be12125ac3f,https://www.nykaafashion.com/skybags-streax-black-hard-luggage-trolley-bag/p/25481718,Skybags Streax Black Large Hard Luggage Check-in Trolley Bag with 8 Wheel & Combination Lock,Skybags,SKYBA00001169,2199,2199,"https://adn-static1.nykaa.com/nykdesignstudio-images/pub/media/catalog/product/b/8/tr:h-400,w-300,cm-pad_resize/b80059bDSKYBA00001169_1.jpg?rnd=20200526195200"
"Apr 26, 2026 @ 14:38:24.447",3150cb614102322bd1b1436f2e89ed12,https://www.nykaafashion.com/dkny-allure-range-french-pink-color-hard-cabin-luggage/p/14100419,DKNY Allure Range French Pink Color Hard Cabin Luggage,DKNY,DKNYX00000640,16740,16740,"https://adn-static1.nykaa.com/nykdesignstudio-images/pub/media/catalog/product/6/5/tr:h-400,w-300,cm-pad_resize/655e6efDKNYDH118ML7S87_1.jpg?rnd=20200526195200"
