crawl_timestamp,uniq_id,page_url,product_name,list_price,selling_price,discount_percentage,color,size,description,sku
"Feb 15, 2026 @ 18:51:20.348",d5bc7ea8a3c6b7e4635feab157a41404,https://styleunion.in/collections/women-caps/products/cotton-embroidered-cap-lac0001?variant=44200059437305,Women Cotton Embroidered Cap,499,499,0,Indigo,M,"Product Details Fabric type: Cotton Weave type: Woven Pattern: Embroidered Style: Cap Dimension: 56 CM Description This embroidered pattern cap made from cotton, it is soft and comfortable to wear. Wash and Care Accessories",8909001042632
"Feb 15, 2026 @ 18:51:30.382",86142a4cd9c1fb2da73815227713baab,https://styleunion.in/collections/women-caps/products/cotton-embroidered-cap-lac0003?variant=44200062386425,Women Cotton Embroidered Cap,399,399,0,Black,M,"Product Details Fabric type: Cotton Weave type: Woven Pattern: Embroidered Style: Cap Dimension: 56 CM Description This embroidered pattern cap made from cotton, it is soft and comfortable to wear. Wash and Care Accessories",8909001042656
"Feb 15, 2026 @ 18:51:40.381",0ba290f1f14b8be9f3fccbad75c013f1,https://styleunion.in/collections/women-caps/products/cotton-embroidered-cap-lac0002?variant=44200060584185,Women Cotton Embroidered Cap,199,199,0,Blue,M,"Product Details Fabric type: Cotton Weave type: Woven Pattern: Embroidered Style: Cap Dimension: 56 CM Description This embroidered pattern cap made from cotton, it is soft and comfortable to wear. Wash and Care Accessories",8909001042649
"Feb 15, 2026 @ 18:51:50.843",5257ca5c6cf2f5b2c7012b22123c3c27,https://styleunion.in/collections/women-caps/products/regular-fit-jacquard-t-shirt-pfct00003?variant=46284011372793,Velocitee™ - Air Dry® Pro - Ideal Gym T-Shirt -Made To Move,499,499,0,Endurance,XS,"Product Details Fabric Type: 90% Nylon, 10% Spandex Weave Type: Knit Pattern: Jacquard Length: Regular Length Neck/Collar Type: Crew Neck Sleeve Type: Half Sleeve Fit: Regular Fit Description Experience the perfect blend of comfort and style with our Jacquard Crew Neck T-Shirt. Crafted from a premium blend of nylon and spandex, this t-shirt offers unparalleled flexibility and durability. Whether you're hitting the gym or enjoying a casual day out, this t-shirt is your go-to choice for effortless style and comfort. Strong Fabric: Built to withstand the rigors of daily wear, ensuring long-lasting use. Smooth and Durable: Enjoy a soft touch against your skin while benefiting from a fabric that stands the test of time. Flexible 4-Way Stretch: Moves with you, providing unrestricted movement for any activity. Breathable and Fast Dry: Keeps you cool and dry, perfect for intense workouts or hot days. Light Weight: Feels like a second skin, offering comfort without the bulk. Perfect for sports, casual outings, or lounging at home, this t-shirt adapts to your lifestyle, ensuring you look and feel your best. Wash and Care Machine Wash Cold Gentle Cycle, Wash Dark Colors Separately. Do Not Bleach. Tumble Dry Low. Cool Iron If Required. Do Not Dry Clean.",8909001678572
"Feb 15, 2026 @ 18:52:01.204",3573e087aebbe4c882102dea6462d913,https://styleunion.in/collections/women-caps/products/air-polo-solid-t-shirt-atpo00002?variant=46634704929017,Air Dry Travel Ready Light weight Polo-Ready To Move,399,399,0,Pistachio Shell,S,"Product Details Fabric Type: 70% Cotton, 30% Polyester Weave Type: Knit Pattern: Solid Length: Regular Length Neck/Collar Type: Polo Neck Sleeve Type: Half Sleeve Fit: Regular Fit Description Experience the perfect blend of comfort and style with the Air Polo Solid T-Shirt. Crafted from a premium cotton-polyester mix, this t-shirt offers the softness of cotton with the durability of polyester, ensuring it remains a staple in your wardrobe for years to come. The solid pattern and classic polo neck make it a versatile choice for any occasion, whether you're heading to a casual outing or a relaxed day at work. Comfortable Fabric: The 70% cotton composition provides a soft touch against the skin, while the 30% polyester ensures long-lasting wear. Classic Design: The solid pattern and polo neck offer a timeless look that never goes out of style. Versatile Wear: Perfect for casual outings, work, or a day out with friends, this t-shirt adapts to any setting. Easy Maintenance: Machine washable, making it convenient to care for and keep looking fresh. Wash and Care Machine Wash 40°C. Wash Dark Colours Separately. Do Not Bleach. Tumble Dry Low. Warm Iron. Do Not Dryclean.",8909001826140
"Feb 15, 2026 @ 18:52:11.666",1419346a486c5c857b798eda7e144b50,https://styleunion.in/collections/women-caps/products/slim-fit-high-rise-pant-espt00003?variant=47009478738169,Air Dry Slim Fit High Rise Tapered Pant,699,699,0,Dark Brown,S,"Product Details Fabric Type: 100% Polyester Weave Type: Woven Pattern: Solid Length: Ankle Length Fit: Slim Fit Waist Rise: High Rise Pockets: 2 Cut Shape: Slim Description Experience the perfect blend of style and comfort with our Slim Fit High Rise Pants. Crafted from 100% polyester, these pants offer a sleek and modern silhouette that enhances your figure while ensuring all-day comfort. The high-rise waist provides a flattering fit, making these pants a versatile addition to your wardrobe. Whether you're heading to the office or enjoying a casual day out, these ankle-length pants will keep you looking chic and feeling confident. Modern Silhouette: The slim fit design offers a tailored look that is both stylish and flattering. High Rise Comfort: The high waist design provides a secure and comfortable fit, perfect for pairing with your favorite tops. Versatile Style: Solid pattern and ankle length make these pants suitable for both professional and casual settings. Convenient Pockets: Two pockets offer practicality without compromising on style. These pants are your go-to choice for a polished look, whether you're dressing up for a meeting or dressing down for a weekend brunch. Wash and Care Hand Wash 30°C. Wash Dark Colours Separately. Do Not Bleach. Line Dry. Do Not Iron On Embellishment. Cool Iron. Do Not Dry Clean.",8909001940914
"Feb 15, 2026 @ 18:52:21.986",10ba33a46e0ed6a61c3bcd42b7e2ab23,https://styleunion.in/collections/women-caps/products/solid-running-shorts-pfst00002?variant=47058344476921,Air Dry Solid Running Shorts,599,599,0,Flex,XS,"Product Details Fabric Type: 98% Polyester, 2% Spandex Weave Type: Knit Pattern: Solid Length: Above Knee Fit: Regular Fit Waist Rise: Mid Rise Pockets: Welt Pocket, 2 Description Experience the perfect blend of comfort and style with our Solid Running Shorts. Designed for the active man, these shorts offer a relaxed fit that ensures ease of movement, making them your ideal companion for any workout or casual day out. The lightweight fabric keeps you cool and dry, while the solid pattern adds a touch of sophistication to your athletic wardrobe. Comfortable Fabric: The 98% Polyester and 2% Spandex blend provides a soft, stretchy feel that moves with you, ensuring maximum comfort during any activity. Practical Pockets: Featuring two welt pockets, these shorts offer convenient storage for your essentials, keeping them secure while you stay active. Versatile Design: The solid pattern and above-knee length make these shorts suitable for both workouts and casual outings, offering versatility in your wardrobe. Whether you're hitting the gym or running errands, these shorts are designed to fit seamlessly into your lifestyle, providing both functionality and style. Wash and Care Hand Wash 30°C. Wash Dark Colours Separately. Do Not Bleach. Line Dry. Do Not Iron On Embellishment. Cool Iron. Do Not Dry Clean.",8909404034128
"Feb 15, 2026 @ 18:52:32.511",cd4a7572f056074acbed363bd7e3e979,https://styleunion.in/collections/women-caps/products/mid-flare-solid-high-rise-leggings-wacl00002?variant=46284949979385,Air Dry Bootcut High Rise Leggings,599,599,0,Black,XS,"Product Details Fabric Type: Cotton Spandex (95% Cotton, 5% Spandex) Weave Type: Knit Pattern: Solid Length: Regular Length Fit: Boot Cut Waist Rise: High Rise Description Experience unparalleled comfort and style with our Bootcut High Rise Leggings. Crafted from a soft and stretchy cotton spandex blend, these leggings offer a perfect balance of flexibility and support. The high-rise waist provides a flattering silhouette, while the bootcut design adds a touch of elegance to your look. Whether you're heading to a casual outing or a relaxed day at home, these leggings are your go-to choice for effortless style and comfort. Comfortable Fabric: The cotton spandex blend ensures a soft touch against your skin, providing all-day comfort. High Rise Waist: Offers a secure fit and enhances your natural curves, giving you confidence in every step. Bootcut Design: Adds a stylish flair to your outfit, perfect for pairing with your favorite footwear. Versatile Style: Ideal for both casual and semi-formal occasions, making it a versatile addition to your wardrobe. Picture yourself wearing these leggings on a sunny day out with friends or lounging comfortably at home. Their versatility and comfort make them a must-have for any wardrobe. Wash and Care Hand Wash 30°C. Do Not Bleach. Wash Separately. Hang Dry In Shade. Hot Iron. Do Not Dry Clean. Do Not Iron On Embellishment. This Garment Has Tendency To Fade.",8909001309407
"Feb 15, 2026 @ 18:52:43.008",582c4e1c58be8b7100fcc1d390dd00ce,https://styleunion.in/collections/women-caps/products/regular-fit-solid-jacket-pfjk00001?variant=46284008194297,"AirJack™ 25 – Air Dry® Regular Fit Jacket With 2 Zip Pockets. LightWeight, breathable - perfect for all Weather-On The Go",899,899,0,Camel,S,"Product Details Fabric Type: Polyester (100% Elastomultiester) Weave Type: Knit Pattern: Solid Length: Regular Length Neck/Collar Type: High Neck Sleeve Type: Full Sleeve Fit: Regular Fit Pockets: Cross Pocket, 2 Description Experience the perfect blend of comfort and style with the AirJack™ 25 – Air Dry® Regular Fit Jacket. This lightweight jacket is designed to keep you comfortable and stylish, no matter the weather. Its breathable fabric ensures you stay cool and dry, making it ideal for on-the-go lifestyles. Lightweight: Enjoy the freedom of movement without feeling weighed down. Breathable Fabric: Stay fresh and comfortable, even during active days. High Neck Design: Offers added warmth and a sleek, modern look. 2 Zip Pockets: Keep your essentials secure and within easy reach. Whether you're heading to the gym, running errands, or enjoying a casual day out, this jacket is your go-to choice for versatile style and comfort. Wash and Care Machine Wash 30°C. Wash Dark Colours Separately. Do Not Bleach. Tumble Dry Low. Warm Iron. Do Not Dry Clean. Do Not Iron On Embellishment.",8909001654347
"Feb 15, 2026 @ 18:52:53.089",02d4a6613e92822915af0d240f694eed,https://styleunion.in/collections/women-caps/products/elastomultiester-fabric-ultra-light-weight-enhanced-flexibility-and-stretch-wicking-technology-fast-dry-and-breathable-mobile-pocket-air-shorts-atst00001?variant=46284196675833,Air Shorts™ 25- Ultra Light Enhanced Flexibility And Stretch AirDry® Secure Zip Mobile Pocket-Ready To Move,499,499,0,Black,S,"Product Details Fabric Type: 100% Elastomultiester Weave Type: Knit Pattern: Solid Length: Regular Length Waist Rise: Mid Rise Pockets: Welt Pocket, 3 Description Experience the ultimate in comfort and flexibility with our Air Shorts™ 24. Crafted from ultra-light elastomultiester fabric, these shorts offer enhanced stretch and breathability, making them perfect for active wear, travel, or everyday comfort. The fast-dry technology ensures you stay cool and dry, no matter the activity. Ultra Light Weight: Feel unrestricted and free with a fabric that moves with you. Enhanced Flexibility and Stretch: Enjoy a full range of motion, perfect for any activity. Fast Dry and Breathable: Stay fresh and comfortable with moisture-wicking technology. Secure Zip Mobile Pocket: Keep your essentials safe and secure, even on the go. Whether you're hitting the gym, exploring new destinations, or simply running errands, these shorts are designed to keep up with your lifestyle. The mid-rise waist offers a comfortable fit, while the solid pattern provides a sleek, modern look. Wash and Care Machine Wash 30°C. Wash Dark Colours Separately. Do Not Bleach. Tumble Dry Low. Warm Iron. Do Not Dry Clean. Do Not Iron On Embellishment.",8909001506592
"Feb 15, 2026 @ 18:53:03.367",dc4e417203fef5ebfb7faf26374c8990,https://styleunion.in/collections/women-caps/products/regular-fit-jacquard-t-shirt-pfct00004?variant=46630374080761,AirDry® Gym Tee  - Work Out With E-Fast® Stretch-Made For Movement,299,299,0,Teal,XS,"Product Details Fabric Type: 92% Polyester, 8% Spandex Weave Type: Knit Pattern: Jacquard Length: Regular Length Neck/Collar Type: Crew Neck Sleeve Type: Half Sleeve Fit: Regular Fit Description Experience the perfect blend of comfort and performance with the AirDry® Gym Tee. Crafted with a unique Jacquard pattern, this t-shirt is designed to keep you moving freely and confidently during your workouts. The soft, breathable fabric ensures you stay cool and dry, while the stretchable material adapts to your every move, providing unparalleled comfort. Comfortable Fabric: The 92% Polyester and 8% Spandex blend offers a soft touch and excellent stretch, ensuring a comfortable fit that moves with you. Breathable Design: The knit weave allows for optimal airflow, keeping you cool and dry even during intense workouts. Stylish Pattern: The Jacquard design adds a touch of style, making this tee perfect for both gym sessions and casual outings. Versatile Use: Ideal for gym workouts, outdoor activities, or casual wear, this tee is your go-to choice for any occasion. Whether you're hitting the gym or enjoying a day out, the AirDry® Gym Tee offers the perfect combination of style and functionality. Wash and Care Machine Wash Cold Gentle Cycle, Wash Dark Colors Separately. Do Not Bleach. Tumble Dry Low. Cool Iron If Required. Do Not Dry Clean.",8909001817636
"Feb 15, 2026 @ 18:53:13.434",37c938d089b58929f04fd2bc6ca6137d,https://styleunion.in/collections/kids-bag/products/boys-printed-backpack-nkbb0002?variant=46935028990201,Boys Printed Backpack,399,399,0,Navy,FS,"Product Details Fabric Type: 80% Bolt Twill Weave Type: 20% Trim Fabric 1000 Denier Pattern: Printed Length: 41 X 30 X 16 Cm Volume: 22 Ltrs Description Step into a world of magic and wonder with the Boys Printed Backpack. Designed for comfort and style, this backpack is perfect for young adventurers who love to stand out. Its vibrant print not only captures the imagination but also adds a splash of color to any outfit. Durable Polyester Fabric: Ensures long-lasting use, perfect for daily adventures and school days. Spacious 22 Ltrs Capacity: Offers ample space for books, toys, and essentials, keeping everything organized and within reach. Enchanting Print: Sparks creativity and joy, making every day feel magical. 20% Trim Fabric 1000 Denier: Provides extra protection against the elements, ensuring your belongings stay safe and dry. Whether heading to school, a playdate, or a weekend getaway, this backpack is the perfect companion for any occasion. Let your child's personality shine through with this delightful and functional accessory. Wash and Care Hand Wash 30°C. Do Not Bleach. Wash Separately. Hang Dry In Shade. Hot Iron. Do Not Dry Clean. Do Not Iron On Embellishment. This Garment Have Tendency To Fade",8909063107928
"Feb 15, 2026 @ 18:53:23.471",2db25448126e34a7cda0003c0e621119,https://styleunion.in/collections/kids-bag/products/boys-union-print-backpack-nkbb0001?variant=46687693734137,Boys Union Print Backpack,599,599,0,Blue,FS,"Product Details Fabric Type: Polyester Weave Type: Pu Coat And Wr Coating Pattern: Union Print Length: 18.5X 7.5 X 27 Cm Fit: 15 Ltrs Description Discover the perfect blend of style and functionality with the Boys Union Print Backpack. Crafted from durable polyester, this backpack is designed to withstand the rigors of daily use while providing ample space for all your essentials. Its unique union print adds a touch of personality, making it a standout choice for school, travel, or everyday adventures. Durable Polyester Fabric: Ensures long-lasting use, keeping your belongings safe and secure. Spacious 22 Litre Capacity: Offers plenty of room for books, gadgets, and more, making it ideal for school or travel. Stylish Union Print: Adds a unique flair, allowing your child to express their individuality. Pu Coat And Wr Coating: Provides added protection against the elements, ensuring your items stay dry. Whether heading to school or embarking on a new adventure, this backpack is the perfect companion, combining practicality with a touch of style. Wash and Care Hand Wash",8909063107621
"Feb 15, 2026 @ 18:53:33.640",3745ad907c51595e88e32aa7f79dd736,https://styleunion.in/collections/kids-bag/products/regular-fit-jacquard-t-shirt-pfct00003?variant=46284011372793,Velocitee™ - Air Dry® Pro - Ideal Gym T-Shirt -Made To Move,499,499,0,Endurance,XS,"Product Details Fabric Type: 90% Nylon, 10% Spandex Weave Type: Knit Pattern: Jacquard Length: Regular Length Neck/Collar Type: Crew Neck Sleeve Type: Half Sleeve Fit: Regular Fit Description Experience the perfect blend of comfort and style with our Jacquard Crew Neck T-Shirt. Crafted from a premium blend of nylon and spandex, this t-shirt offers unparalleled flexibility and durability. Whether you're hitting the gym or enjoying a casual day out, this t-shirt is your go-to choice for effortless style and comfort. Strong Fabric: Built to withstand the rigors of daily wear, ensuring long-lasting use. Smooth and Durable: Enjoy a soft touch against your skin while benefiting from a fabric that stands the test of time. Flexible 4-Way Stretch: Moves with you, providing unrestricted movement for any activity. Breathable and Fast Dry: Keeps you cool and dry, perfect for intense workouts or hot days. Light Weight: Feels like a second skin, offering comfort without the bulk. Perfect for sports, casual outings, or lounging at home, this t-shirt adapts to your lifestyle, ensuring you look and feel your best. Wash and Care Machine Wash Cold Gentle Cycle, Wash Dark Colors Separately. Do Not Bleach. Tumble Dry Low. Cool Iron If Required. Do Not Dry Clean.",8909001678572
"Feb 15, 2026 @ 18:53:43.854",8bbefca0892ca78e9720dbfd71e349fe,https://styleunion.in/collections/kids-bag/products/girls-unicorn-print-backpack-nkgb0001?variant=46687693766905,Girls Unicorn Print Backpack,599,599,0,Pink,FS,"Product Details Fabric Type: Polyester Weave Type: Pu Coat And Wr Coating Pattern: Unicorn Print Length: 28.5 x 14 x 38 cm Fit: 15 Ltrs Description Step into a world of magic and wonder with the Girls Unicorn Print Backpack. Designed for comfort and style, this backpack is perfect for young adventurers who love to stand out. Its vibrant unicorn print not only captures the imagination but also adds a splash of color to any outfit. Durable Polyester Fabric: Ensures long-lasting use, perfect for daily adventures and school days. Spacious 15 Ltrs Capacity: Offers ample space for books, toys, and essentials, keeping everything organized and within reach. Enchanting Unicorn Print: Sparks creativity and joy, making every day feel magical. Pu Coat And Wr Coating: Provides extra protection against the elements, ensuring your belongings stay safe and dry. Whether heading to school, a playdate, or a weekend getaway, this backpack is the perfect companion for any occasion. Let your child's personality shine through with this delightful and functional accessory. Wash and Care Hand Wash",8909063107638
"Feb 15, 2026 @ 18:53:54.075",75c546fb0a4330a522390a29d2076319,https://styleunion.in/collections/kids-bag/products/girls-printed-backpack-nkgb0002?variant=46935029022969,Girls Printed Backpack,599,599,0,Green,FS,"Product Details Fabric Type: 80% Bolt Twill Weave Type: 20% Trim Fabric 1000 Denier Pattern: Printed Length: 41 X 30 X 16 Cm Fit: 22 Ltrs Description Step into a world of magic and wonder with the Girls Printed Backpack. Designed for comfort and style, this backpack is perfect for young adventurers who love to stand out. Its vibrant print not only captures the imagination but also adds a splash of color to any outfit. Durable Polyester Fabric: Ensures long-lasting use, perfect for daily adventures and school days. Spacious 22 Ltrs Capacity: Offers ample space for books, toys, and essentials, keeping everything organized and within reach. Enchanting Print: Sparks creativity and joy, making every day feel magical. 20% Trim Fabric 1000 Denier: Provides extra protection against the elements, ensuring your belongings stay safe and dry. Whether heading to school, a playdate, or a weekend getaway, this backpack is the perfect companion for any occasion. Let your child's personality shine through with this delightful and functional accessory. Wash and Care Hand Wash 30°C. Do Not Bleach. Wash Separately. Hang Dry In Shade. Hot Iron. Do Not Dry Clean. Do Not Iron On Embellishment. This Garment Have Tendency To Fade",8909063107935
"Feb 15, 2026 @ 18:54:04.580",a0f60d712e5c02bab24564c592ae66bb,https://styleunion.in/collections/kids-bag/products/air-polo-solid-t-shirt-atpo00002?variant=46634704929017,Air Dry Travel Ready Light weight Polo-Ready To Move,399,399,0,Pistachio Shell,S,"Product Details Fabric Type: 70% Cotton, 30% Polyester Weave Type: Knit Pattern: Solid Length: Regular Length Neck/Collar Type: Polo Neck Sleeve Type: Half Sleeve Fit: Regular Fit Description Experience the perfect blend of comfort and style with the Air Polo Solid T-Shirt. Crafted from a premium cotton-polyester mix, this t-shirt offers the softness of cotton with the durability of polyester, ensuring it remains a staple in your wardrobe for years to come. The solid pattern and classic polo neck make it a versatile choice for any occasion, whether you're heading to a casual outing or a relaxed day at work. Comfortable Fabric: The 70% cotton composition provides a soft touch against the skin, while the 30% polyester ensures long-lasting wear. Classic Design: The solid pattern and polo neck offer a timeless look that never goes out of style. Versatile Wear: Perfect for casual outings, work, or a day out with friends, this t-shirt adapts to any setting. Easy Maintenance: Machine washable, making it convenient to care for and keep looking fresh. Wash and Care Machine Wash 40°C. Wash Dark Colours Separately. Do Not Bleach. Tumble Dry Low. Warm Iron. Do Not Dryclean.",8909001826140
"Feb 15, 2026 @ 18:51:20.537",5fbc14e67f24e254d1efb6a41bdf1846,https://styleunion.in/collections/kids-bag/products/solid-running-shorts-pfst00002?variant=47058344476921,Air Dry Solid Running Shorts,599,599,0,Flex,XS,"Product Details Fabric Type: 98% Polyester, 2% Spandex Weave Type: Knit Pattern: Solid Length: Above Knee Fit: Regular Fit Waist Rise: Mid Rise Pockets: Welt Pocket, 2 Description Experience the perfect blend of comfort and style with our Solid Running Shorts. Designed for the active man, these shorts offer a relaxed fit that ensures ease of movement, making them your ideal companion for any workout or casual day out. The lightweight fabric keeps you cool and dry, while the solid pattern adds a touch of sophistication to your athletic wardrobe. Comfortable Fabric: The 98% Polyester and 2% Spandex blend provides a soft, stretchy feel that moves with you, ensuring maximum comfort during any activity. Practical Pockets: Featuring two welt pockets, these shorts offer convenient storage for your essentials, keeping them secure while you stay active. Versatile Design: The solid pattern and above-knee length make these shorts suitable for both workouts and casual outings, offering versatility in your wardrobe. Whether you're hitting the gym or running errands, these shorts are designed to fit seamlessly into your lifestyle, providing both functionality and style. Wash and Care Hand Wash 30°C. Wash Dark Colours Separately. Do Not Bleach. Line Dry. Do Not Iron On Embellishment. Cool Iron. Do Not Dry Clean.",8909404034128
"Feb 15, 2026 @ 18:51:30.832",ef42e0f6938c3ace4c12c3defbb5e349,https://styleunion.in/collections/kids-bag/products/slim-fit-high-rise-pant-espt00003?variant=47009478738169,Air Dry Slim Fit High Rise Tapered Pant,699,699,0,Dark Brown,S,"Product Details Fabric Type: 100% Polyester Weave Type: Woven Pattern: Solid Length: Ankle Length Fit: Slim Fit Waist Rise: High Rise Pockets: 2 Cut Shape: Slim Description Experience the perfect blend of style and comfort with our Slim Fit High Rise Pants. Crafted from 100% polyester, these pants offer a sleek and modern silhouette that enhances your figure while ensuring all-day comfort. The high-rise waist provides a flattering fit, making these pants a versatile addition to your wardrobe. Whether you're heading to the office or enjoying a casual day out, these ankle-length pants will keep you looking chic and feeling confident. Modern Silhouette: The slim fit design offers a tailored look that is both stylish and flattering. High Rise Comfort: The high waist design provides a secure and comfortable fit, perfect for pairing with your favorite tops. Versatile Style: Solid pattern and ankle length make these pants suitable for both professional and casual settings. Convenient Pockets: Two pockets offer practicality without compromising on style. These pants are your go-to choice for a polished look, whether you're dressing up for a meeting or dressing down for a weekend brunch. Wash and Care Hand Wash 30°C. Wash Dark Colours Separately. Do Not Bleach. Line Dry. Do Not Iron On Embellishment. Cool Iron. Do Not Dry Clean.",8909001940914
"Feb 15, 2026 @ 18:51:41.011",eb7573ce155d58d5e9164b1014e747dc,https://styleunion.in/collections/kids-bag/products/mid-flare-solid-high-rise-leggings-wacl00002?variant=46284949979385,Air Dry Bootcut High Rise Leggings,599,599,0,Black,XS,"Product Details Fabric Type: Cotton Spandex (95% Cotton, 5% Spandex) Weave Type: Knit Pattern: Solid Length: Regular Length Fit: Boot Cut Waist Rise: High Rise Description Experience unparalleled comfort and style with our Bootcut High Rise Leggings. Crafted from a soft and stretchy cotton spandex blend, these leggings offer a perfect balance of flexibility and support. The high-rise waist provides a flattering silhouette, while the bootcut design adds a touch of elegance to your look. Whether you're heading to a casual outing or a relaxed day at home, these leggings are your go-to choice for effortless style and comfort. Comfortable Fabric: The cotton spandex blend ensures a soft touch against your skin, providing all-day comfort. High Rise Waist: Offers a secure fit and enhances your natural curves, giving you confidence in every step. Bootcut Design: Adds a stylish flair to your outfit, perfect for pairing with your favorite footwear. Versatile Style: Ideal for both casual and semi-formal occasions, making it a versatile addition to your wardrobe. Picture yourself wearing these leggings on a sunny day out with friends or lounging comfortably at home. Their versatility and comfort make them a must-have for any wardrobe. Wash and Care Hand Wash 30°C. Do Not Bleach. Wash Separately. Hang Dry In Shade. Hot Iron. Do Not Dry Clean. Do Not Iron On Embellishment. This Garment Has Tendency To Fade.",8909001309407
"Feb 15, 2026 @ 18:51:51.776",ed887f0a65117f879b9358bffac5bec9,https://styleunion.in/collections/kids-bag/products/regular-fit-solid-jacket-pfjk00001?variant=46284008194297,"AirJack™ 25 – Air Dry® Regular Fit Jacket With 2 Zip Pockets. LightWeight, breathable - perfect for all Weather-On The Go",899,899,0,Camel,S,"Product Details Fabric Type: Polyester (100% Elastomultiester) Weave Type: Knit Pattern: Solid Length: Regular Length Neck/Collar Type: High Neck Sleeve Type: Full Sleeve Fit: Regular Fit Pockets: Cross Pocket, 2 Description Experience the perfect blend of comfort and style with the AirJack™ 25 – Air Dry® Regular Fit Jacket. This lightweight jacket is designed to keep you comfortable and stylish, no matter the weather. Its breathable fabric ensures you stay cool and dry, making it ideal for on-the-go lifestyles. Lightweight: Enjoy the freedom of movement without feeling weighed down. Breathable Fabric: Stay fresh and comfortable, even during active days. High Neck Design: Offers added warmth and a sleek, modern look. 2 Zip Pockets: Keep your essentials secure and within easy reach. Whether you're heading to the gym, running errands, or enjoying a casual day out, this jacket is your go-to choice for versatile style and comfort. Wash and Care Machine Wash 30°C. Wash Dark Colours Separately. Do Not Bleach. Tumble Dry Low. Warm Iron. Do Not Dry Clean. Do Not Iron On Embellishment.",8909001654347
"Feb 15, 2026 @ 18:52:02.115",e90e8efa121880cbc7b284caa2efb64f,https://styleunion.in/collections/kids-bag/products/elastomultiester-fabric-ultra-light-weight-enhanced-flexibility-and-stretch-wicking-technology-fast-dry-and-breathable-mobile-pocket-air-shorts-atst00001?variant=46284196675833,Air Shorts™ 25- Ultra Light Enhanced Flexibility And Stretch AirDry® Secure Zip Mobile Pocket-Ready To Move,499,499,0,Black,S,"Product Details Fabric Type: 100% Elastomultiester Weave Type: Knit Pattern: Solid Length: Regular Length Waist Rise: Mid Rise Pockets: Welt Pocket, 3 Description Experience the ultimate in comfort and flexibility with our Air Shorts™ 24. Crafted from ultra-light elastomultiester fabric, these shorts offer enhanced stretch and breathability, making them perfect for active wear, travel, or everyday comfort. The fast-dry technology ensures you stay cool and dry, no matter the activity. Ultra Light Weight: Feel unrestricted and free with a fabric that moves with you. Enhanced Flexibility and Stretch: Enjoy a full range of motion, perfect for any activity. Fast Dry and Breathable: Stay fresh and comfortable with moisture-wicking technology. Secure Zip Mobile Pocket: Keep your essentials safe and secure, even on the go. Whether you're hitting the gym, exploring new destinations, or simply running errands, these shorts are designed to keep up with your lifestyle. The mid-rise waist offers a comfortable fit, while the solid pattern provides a sleek, modern look. Wash and Care Machine Wash 30°C. Wash Dark Colours Separately. Do Not Bleach. Tumble Dry Low. Warm Iron. Do Not Dry Clean. Do Not Iron On Embellishment.",8909001506592
"Feb 15, 2026 @ 18:52:12.499",4aff7d3353d3e0bff3b5500f93c3c9a4,https://styleunion.in/collections/kids-bag/products/regular-fit-jacquard-t-shirt-pfct00004?variant=46630374080761,AirDry® Gym Tee  - Work Out With E-Fast® Stretch-Made For Movement,299,299,0,Teal,XS,"Product Details Fabric Type: 92% Polyester, 8% Spandex Weave Type: Knit Pattern: Jacquard Length: Regular Length Neck/Collar Type: Crew Neck Sleeve Type: Half Sleeve Fit: Regular Fit Description Experience the perfect blend of comfort and performance with the AirDry® Gym Tee. Crafted with a unique Jacquard pattern, this t-shirt is designed to keep you moving freely and confidently during your workouts. The soft, breathable fabric ensures you stay cool and dry, while the stretchable material adapts to your every move, providing unparalleled comfort. Comfortable Fabric: The 92% Polyester and 8% Spandex blend offers a soft touch and excellent stretch, ensuring a comfortable fit that moves with you. Breathable Design: The knit weave allows for optimal airflow, keeping you cool and dry even during intense workouts. Stylish Pattern: The Jacquard design adds a touch of style, making this tee perfect for both gym sessions and casual outings. Versatile Use: Ideal for gym workouts, outdoor activities, or casual wear, this tee is your go-to choice for any occasion. Whether you're hitting the gym or enjoying a day out, the AirDry® Gym Tee offers the perfect combination of style and functionality. Wash and Care Machine Wash Cold Gentle Cycle, Wash Dark Colors Separately. Do Not Bleach. Tumble Dry Low. Cool Iron If Required. Do Not Dry Clean.",8909001817636
"Feb 15, 2026 @ 18:52:22.540",823586eb7b9e29904fc5261af92f6f23,https://styleunion.in/collections/womens-socks/products/womens-cotton-ankle-length-socks-lso0013?variant=46254739194105,Womens Cotton Ankle Length Socks (Pack of 2),149,149,0,Multicolour,FS,"Product Details Fabric type: Cotton (Cotton 72%, Polyester 27%, Spandex 1%) Weave type: Woven Pattern: Solid Length: Ankle Length Style: Ladies Socks Occasion: Accessories Description These ankle length socks are crafted from a comfortable cotton, perfect for everyday wear. They provide a snug fit and excellent breathability, ensuring your feet stay cozy and fresh throughout the day. Wash and Care Hand Wash",8909001180174
"Feb 15, 2026 @ 18:52:32.712",98a003cbd6edd725d7391b5c7e8432f2,https://styleunion.in/collections/womens-socks/products/women-cotton-solid-socks-lso0021-lso0021lavenderpink?variant=46219032232185,Women Cotton Solid Socks (Pack of 2),199,199,0,Multicolour,FS,"Product Details Fabric type: Cotton (Cotton 80%, Nylon 15%,Spandex 5%) Weave type: Woven Pattern: Solid Description These socks are crafted from a comfortable cotton, perfect for everyday wear. They provide a snug fit and excellent breathability, ensuring your feet stay cozy and fresh throughout the day. Wash and Care Hand Wash",8909063032947
"Feb 15, 2026 @ 18:52:42.685",8117639e67fd4594398f455b0b82d788,https://styleunion.in/collections/womens-socks/products/womens-cotton-polyester-printed-socks-lso0018?variant=44988530131193,Womens Cotton Polyester Printed Socks (Pack of 2),149,149,0,Multicolour,FS,"Product Details Fabric type: Cotton Polyester Weave type: Woven Pattern: Printed Style: Ladies Socks Occasion: Accessories Description These socks are crafted from a comfortable cotton polyester, perfect for everyday wear. They provide a snug fit and excellent breathability, ensuring your feet stay cozy and fresh throughout the day. Fabric Wash and Care Hand Wash",8909063001264
"Feb 15, 2026 @ 18:52:52.541",575f6c224f38ef4abe69b0c046c4a8ba,https://styleunion.in/collections/womens-socks/products/womens-cotton-polyester-ankle-length-socks-lso0013?variant=46254739161337,Womens Cotton Polyester Ankle Length Socks (Pack of 2),149,149,0,Multicolour,FS,"Product Details Fabric type: Cotton Polyester (Cotton 70%, Polyester 15%, Nylon 13%, Elastane 2%) Weave type: Woven Pattern: Solid Length: Ankle Length Style: Ladies Socks Occasion: Accessories Description These ankle length socks are crafted from a comfortable cotton polyester, perfect for everyday wear. They provide a snug fit and excellent breathability, ensuring your feet stay cozy and fresh throughout the day. Wash and Care Hand Wash",8909001176535
"Feb 15, 2026 @ 18:53:02.647",7eda9a278135abe1921b28aecfaba536,https://styleunion.in/collections/womens-socks/products/womens-solid-low-cut-socks-lso0021brownmelnavymel?variant=46299060076793,Womens Cotton Solid Low Cut Socks (Pack of 2),199,199,0,Multicolour,FS,"Product Details Fabric Type: Cotton (80%), Nylon (15%), Spandex (5%) Weave Type: Woven Pattern: Solid Length: Low Cut Description Experience the perfect blend of comfort and style with our Women's Cotton Solid Low Cut Socks. Crafted to provide a snug fit, these socks are your ideal companion for any occasion, ensuring your feet stay comfortable and dry all day long. Soft Cotton Blend: The high cotton content ensures a soft touch against your skin, providing unparalleled comfort. Durable Design: The addition of nylon and spandex offers durability and stretch, ensuring the socks maintain their shape and fit. Versatile Style: The solid pattern and low cut design make these socks perfect for both casual and athletic wear. Whether you're heading to the gym or just lounging at home, these socks are designed to keep up with your lifestyle, offering both functionality and fashion. Wash and Care Machine wash cold with like colors. Do not bleach. Tumble dry low. Do not iron. Do not dry clean.",8909063054017
"Feb 15, 2026 @ 18:53:12.844",bc49f84401b709ec5af43d9265f98e52,https://styleunion.in/collections/womens-socks/products/womens-cotton-solid-socks-lso0014-3?variant=44994436661497,Womens Cotton Solid Socks (Pack of 2),199,199,0,Multicolour,FS,"Product Details Fabric type: Cotton Polyester Spandex (Cotton 72%, Polyester 27%, Spandex 1%) Weave type: Woven Pattern: Solid Style: Ladies No Show Occasion: Accessories Description These socks are crafted from a comfortable cotton, perfect for everyday wear. They provide a snug fit and excellent breathability, ensuring your feet stay cozy and fresh throughout the day. Fabric Wash and Care Hand Wash",8909001180211
"Feb 15, 2026 @ 18:53:23.011",379711eb4748d05fa8b75bd4acb60aad,https://styleunion.in/collections/womens-socks/products/womens-cotton-solid-socks-lso0014-2?variant=44994436628729,Womens Cotton Solid Socks (Pack of 2),199,199,0,Multicolour,FS,"Product Details Fabric type: Cotton Polyester Spandex (Cotton 72%, Polyester 27%, Spandex 1%) Weave type: Woven Pattern: Solid Style: Ladies No Show Occasion: Accessories Description These socks are crafted from a comfortable cotton, perfect for everyday wear. They provide a snug fit and excellent breathability, ensuring your feet stay cozy and fresh throughout the day. Fabric Wash and Care Hand Wash",8909001180198
"Feb 15, 2026 @ 18:53:33.108",2defdc6fc9b5a787bdcc64262a57b2cc,https://styleunion.in/collections/womens-socks/products/womens-cotton-solid-socks-lso0014-1?variant=44994436595961,Womens Cotton Solid Socks (Pack of 2),199,199,0,Multicolour,FS,"Product Details Fabric type: Cotton Polyester Spandex (Cotton 72%, Polyester 27%, Spandex 1%) Weave type: Woven Pattern: Solid Style: Ladies No Show Occasion: Accessories Description These socks are crafted from a comfortable cotton, perfect for everyday wear. They provide a snug fit and excellent breathability, ensuring your feet stay cozy and fresh throughout the day. Fabric Wash and Care Hand Wash",8909001180181
"Feb 15, 2026 @ 18:53:43.373",36b16c243b9bcc72fcf33755a363a62a,https://styleunion.in/collections/womens-socks/products/womens-cotton-solid-socks-lso0015?variant=44988133867769,Womens Cotton Solid Socks (Pank Of 2),199,199,0,Multicolour,FS,"Product Details Fabric type: Cotton Polyester Spandex (Cotton 72%, Polyester 27%, Spandex 1%) Weave type: Woven Pattern: Solid Style: Ladies No Show Occasion: Accessories Description These socks are crafted from a comfortable cotton, perfect for everyday wear. They provide a snug fit and excellent breathability, ensuring your feet stay cozy and fresh throughout the day. Fabric Wash and Care Hand Wash",8909001180235
"Feb 15, 2026 @ 18:53:53.700",90f408fc083a26733815abc00ac8d721,https://styleunion.in/collections/womens-socks/products/womens-cotton-polyester-ankle-length-socks-lso0015?variant=46254740799737,Women Cotton Polyester Socks (Pack of 2),149,149,0,Multicolour,FS,"Product Details Fabric type: Cotton Polyester (Cotton 72% Polyester 27% Spandex 1%) Weave type: Knit Pattern: Solid Occasion: Accessories Description These socks are crafted from a comfortable cotton polyester, perfect for everyday wear. They provide a snug fit and excellent breathability, ensuring your feet stay cozy and fresh throughout the day. Wash and Care Hand Wash",8909001176566
"Feb 15, 2026 @ 18:54:03.898",10df6ac4df87a207d67f7c9973a38644,https://styleunion.in/collections/womens-socks/products/women-striped-ankle-length-socks-pack-of-2-lso0003?variant=46935028695289,Women Striped Ankle Length Socks (Pack of 2),149,149,0,Multicolour,FS,"Product Details Fabric Type: Cotton Polyester Spandex (Cotton 72%, Polyester 27%, Spandex 1%) Pattern: Striped Length: Ankle Length Description Experience the perfect blend of comfort and style with our Women Solid Low Cut Socks. Crafted with a high-quality cotton blend, these socks offer breathability and a snug fit, making them ideal for everyday wear. Comfortable Fit: The cotton-rich fabric ensures a soft touch against your skin, keeping your feet comfortable all day long. Durable Design: Reinforced with nylon and spandex, these socks provide durability and stretch, ensuring they maintain their shape wear after wear. Versatile Style: The solid pattern and low cut design make these socks perfect for pairing with any casual or athletic outfit. Whether you're heading to the gym or running errands, these socks are your go-to choice for a comfortable and stylish look. Wash and Care Hand Wash Do not bleach. Tumble dry low. Do not iron. Do not dry clean.",8909001180037
"Feb 15, 2026 @ 18:51:20.441",fe43fb1d9702cc56682d7ecd8519f799,https://styleunion.in/collections/womens-socks/products/womens-cotton-polyester-printed-socks-lso0020?variant=44988530327801,Womens Cotton Polyester Printed Socks (Pack of 2),149,149,0,Multicolour,FS,"Product Details Fabric type: Cotton Polyester Weave type: Woven Pattern: Printed Style: Ladies Socks Occasion: Accessories Description These socks are crafted from a comfortable cotton polyester, perfect for everyday wear. They provide a snug fit and excellent breathability, ensuring your feet stay cozy and fresh throughout the day. Fabric Wash and Care Hand Wash",8909063001288
"Feb 15, 2026 @ 18:51:30.489",6b355a06f413c7c5710c1c424b773cb8,https://styleunion.in/collections/womens-socks/products/solid-low-cut-socks-lso0021offwhitebrown?variant=46838460776697,Women Solid Low Cut Socks (Pack of 2),199,199,0,Multicolour,FS,"Product Details Fabric Type: Cotton (80%), Nylon (15%), Spandex (5%) Pattern: Solid Length: Low Cut Description Experience the perfect blend of comfort and style with our Women Solid Low Cut Socks. Crafted with a high-quality cotton blend, these socks offer breathability and a snug fit, making them ideal for everyday wear. Comfortable Fit: The cotton-rich fabric ensures a soft touch against your skin, keeping your feet comfortable all day long. Durable Design: Reinforced with nylon and spandex, these socks provide durability and stretch, ensuring they maintain their shape wear after wear. Versatile Style: The solid pattern and low cut design make these socks perfect for pairing with any casual or athletic outfit. Whether you're heading to the gym or running errands, these socks are your go-to choice for a comfortable and stylish look. Wash and Care Hand Wash Do not bleach. Tumble dry low. Do not iron. Do not dry clean.",8909063054048
"Feb 15, 2026 @ 18:51:40.473",11f0133b576113e0b6a84a22a274af6f,https://styleunion.in/collections/womens-socks/products/solid-low-cut-socks-lso0021mintblack?variant=46838460645625,Women Solid Low Cut Socks (Pack of 2),199,199,0,Multicolour,FS,"Product Details Fabric Type: Cotton 80%, Nylon 15%, Spandex 5% Pattern: Solid Length: Low Cut Style: Ladies No Show Description Experience the perfect blend of comfort and style with our Solid Low Cut Socks. Crafted from a soft cotton blend, these socks offer a snug fit that feels like a gentle hug for your feet. The solid pattern ensures versatility, making them an ideal choice for any outfit, whether you're heading to the gym or lounging at home. Comfortable Fabric: The cotton-rich composition provides breathability and softness, keeping your feet cool and comfortable all day long. Durable Design: The addition of nylon and spandex ensures these socks maintain their shape and elasticity, wash after wash. Low Cut Style: Perfect for no-show looks, these socks stay hidden under your shoes, offering a sleek and polished appearance. Whether you're wearing sneakers, loafers, or casual shoes, these low cut socks are your go-to choice for a seamless look. Slip them on for a day at the office, a casual outing, or a workout session, and enjoy the perfect balance of function and fashion. Wash and Care Hand Wash Do not bleach Do not tumble dry Do not iron Do not dry clean",8909063032930
"Feb 15, 2026 @ 18:51:50.684",3457b3dd373b9cfc197b211344ad74ad,https://styleunion.in/collections/womens-socks/products/womens-solid-low-cut-socks-lso0021midgreyanthra?variant=46299060732153,Solid Low Cut Socks (Pack of 2),199,199,0,Multicolour,FS,"Product Details Fabric Type: Cotton 80%, Nylon 15%, Spandex 5% Weave Type: Woven Pattern: Solid Length: Low Cut Description Slip into the ultimate comfort with our Women's Cotton Solid Low Cut Socks. Crafted with a blend of cotton, nylon, and spandex, these socks offer a perfect balance of softness, durability, and stretch. Whether you're heading to the gym, running errands, or lounging at home, these socks are your go-to choice for all-day comfort and style. Soft Cotton Blend: Enjoy the plush feel of cotton that keeps your feet cozy and comfortable throughout the day. Durable Construction: The nylon component ensures long-lasting wear, making these socks a reliable choice for everyday use. Flexible Fit: With spandex, these socks provide a snug fit that adapts to your foot shape, preventing slipping and bunching. Versatile Style: The solid pattern and low cut design make these socks perfect for any casual or athletic outfit. Experience the perfect blend of comfort and style with these essential low cut socks, ideal for any occasion. Wash and Care Machine wash cold with like colors. Do not bleach. Tumble dry low. Do not iron. Do not dry clean.",8909063054031
"Feb 15, 2026 @ 18:52:00.748",6e4038bf3de8e6cd19d15366a96bdd68,https://styleunion.in/collections/womens-socks/products/solid-low-cut-socks-lso0021navymelmidgrey?variant=46838460743929,Women Solid Low Cut Socks (Pack of 2),199,199,0,Multicolour,FS,"Product Details Fabric Type: Cotton 80%, Nylon 15%, Spandex 5% Pattern: Solid Length: Low Cut Style: Ladies No Show Description Experience the perfect blend of comfort and style with our Solid Low Cut Socks. Crafted from a soft cotton blend, these socks offer a snug fit that feels like a gentle hug for your feet. The solid pattern ensures versatility, making them an ideal choice for any outfit, whether you're heading to the gym or lounging at home. Comfortable Fabric: The cotton-rich composition provides breathability and softness, keeping your feet cool and comfortable all day long. Durable Design: The addition of nylon and spandex ensures these socks maintain their shape and elasticity, wash after wash. Low Cut Style: Perfect for no-show looks, these socks stay hidden under your shoes, offering a sleek and polished appearance. Whether you're wearing sneakers, loafers, or casual shoes, these low cut socks are your go-to choice for a seamless look. Slip them on for a day at the office, a casual outing, or a workout session, and enjoy the perfect balance of function and fashion. Wash and Care Hand Wash Do not bleach Do not tumble dry Do not iron Do not dry clean",8909063054024
"Feb 15, 2026 @ 18:52:10.910",61afe6da7b584d98c31fc5b823720f61,https://styleunion.in/collections/womens-socks/products/women-cotton-solid-socks-lso0021-lso0021ltskyblueltgrey?variant=46219028037881,Women Cotton Solid Socks (Pack of 2),199,199,0,Multicolour,FS,"Product Details Fabric type: Cotton (Cotton 80%, Nylon 15%,Spandex 5%) Weave type: Woven Pattern: Solid Description These socks are crafted from a comfortable cotton, perfect for everyday wear. They provide a snug fit and excellent breathability, ensuring your feet stay cozy and fresh throughout the day. Wash and Care Hand Wash",8909063032923
"Feb 15, 2026 @ 18:52:21.077",988205533f2311c5c5711945079494d4,https://styleunion.in/collections/womens-socks/products/womens-cotton-ankle-length-socks-lso0003?variant=46254739915001,Womens Cotton Ankle Length Socks (Pack of 2),149,149,0,Multicolour,FS,"Product Details Fabric type: Cotton (Cotton 72%, Polyester 27%, Spandex 1%) Weave type: Woven Pattern: Striped Length: Ankle Length Style: Ladies Sports Socks Occasion: Accessories Description These ankle length socks are crafted from a comfortable cotton, perfect for everyday wear. They provide a snug fit and excellent breathability, ensuring your feet stay cozy and fresh throughout the day. Wash and Care Hand Wash",8909001180020
"Feb 15, 2026 @ 18:52:31.182",2998903950ff0f99a81a94c1bb6070df,https://styleunion.in/collections/womens-socks/products/womens-cotton-ankle-length-socks-lso0003-2?variant=46254736933113,Womens Cotton Ankle Length Socks (Pack of 2),199,199,0,Multicolour,FS,"Product Details Fabric type: Cotton (Cotton 72%, Polyester 27%, Spandex 1%) Weave type: Woven Pattern: Striped Length: Ankle Length Style: Ladies Sports Socks Occasion: Accessories Description These ankle length socks are crafted from a comfortable cotton, perfect for everyday wear. They provide a snug fit and excellent breathability, ensuring your feet stay cozy and fresh throughout the day. Wash and Care Hand Wash",8909001180105
"Feb 15, 2026 @ 18:52:41.357",89430f508eff03d0626ac307986fc44e,https://styleunion.in/collections/womens-socks/products/regular-fit-jacquard-t-shirt-pfct00003?variant=46284011372793,Velocitee™ - Air Dry® Pro - Ideal Gym T-Shirt -Made To Move,499,499,0,Endurance,XS,"Product Details Fabric Type: 90% Nylon, 10% Spandex Weave Type: Knit Pattern: Jacquard Length: Regular Length Neck/Collar Type: Crew Neck Sleeve Type: Half Sleeve Fit: Regular Fit Description Experience the perfect blend of comfort and style with our Jacquard Crew Neck T-Shirt. Crafted from a premium blend of nylon and spandex, this t-shirt offers unparalleled flexibility and durability. Whether you're hitting the gym or enjoying a casual day out, this t-shirt is your go-to choice for effortless style and comfort. Strong Fabric: Built to withstand the rigors of daily wear, ensuring long-lasting use. Smooth and Durable: Enjoy a soft touch against your skin while benefiting from a fabric that stands the test of time. Flexible 4-Way Stretch: Moves with you, providing unrestricted movement for any activity. Breathable and Fast Dry: Keeps you cool and dry, perfect for intense workouts or hot days. Light Weight: Feels like a second skin, offering comfort without the bulk. Perfect for sports, casual outings, or lounging at home, this t-shirt adapts to your lifestyle, ensuring you look and feel your best. Wash and Care Machine Wash Cold Gentle Cycle, Wash Dark Colors Separately. Do Not Bleach. Tumble Dry Low. Cool Iron If Required. Do Not Dry Clean.",8909001678572
"Feb 15, 2026 @ 18:52:51.405",79f6275f44b54cf6f4b0382ef3cf3456,https://styleunion.in/collections/womens-socks/products/assorted-free-size-ankle-socks-suwfaknt14?variant=46254746599673,Women Assorted Free Size Ankle Socks (Pack of 2),149,149,0,Multicolour,FS,"Product Details Fabric type: Cotton (Cotton 80%, Nylon 15%,Spandex 5%) Weave type: Woven Pattern: Solid Description These socks are crafted from a comfortable cotton, perfect for everyday wear. They provide a snug fit and excellent breathability, ensuring your feet stay cozy and fresh throughout the day. Wash and Care Hand Wash",8907546414372
"Feb 15, 2026 @ 18:53:01.887",317fcd69e59add8aa17403ecf51b5929,https://styleunion.in/collections/womens-socks/products/air-polo-solid-t-shirt-atpo00002?variant=46634704929017,Air Dry Travel Ready Light weight Polo-Ready To Move,399,399,0,Pistachio Shell,S,"Product Details Fabric Type: 70% Cotton, 30% Polyester Weave Type: Knit Pattern: Solid Length: Regular Length Neck/Collar Type: Polo Neck Sleeve Type: Half Sleeve Fit: Regular Fit Description Experience the perfect blend of comfort and style with the Air Polo Solid T-Shirt. Crafted from a premium cotton-polyester mix, this t-shirt offers the softness of cotton with the durability of polyester, ensuring it remains a staple in your wardrobe for years to come. The solid pattern and classic polo neck make it a versatile choice for any occasion, whether you're heading to a casual outing or a relaxed day at work. Comfortable Fabric: The 70% cotton composition provides a soft touch against the skin, while the 30% polyester ensures long-lasting wear. Classic Design: The solid pattern and polo neck offer a timeless look that never goes out of style. Versatile Wear: Perfect for casual outings, work, or a day out with friends, this t-shirt adapts to any setting. Easy Maintenance: Machine washable, making it convenient to care for and keep looking fresh. Wash and Care Machine Wash 40°C. Wash Dark Colours Separately. Do Not Bleach. Tumble Dry Low. Warm Iron. Do Not Dryclean.",8909001826140
"Feb 15, 2026 @ 18:53:12.575",bf0372588eae150d8627036b4be560f2,https://styleunion.in/collections/womens-socks/products/slim-fit-high-rise-pant-espt00003?variant=47009478738169,Air Dry Slim Fit High Rise Tapered Pant,699,699,0,Dark Brown,S,"Product Details Fabric Type: 100% Polyester Weave Type: Woven Pattern: Solid Length: Ankle Length Fit: Slim Fit Waist Rise: High Rise Pockets: 2 Cut Shape: Slim Description Experience the perfect blend of style and comfort with our Slim Fit High Rise Pants. Crafted from 100% polyester, these pants offer a sleek and modern silhouette that enhances your figure while ensuring all-day comfort. The high-rise waist provides a flattering fit, making these pants a versatile addition to your wardrobe. Whether you're heading to the office or enjoying a casual day out, these ankle-length pants will keep you looking chic and feeling confident. Modern Silhouette: The slim fit design offers a tailored look that is both stylish and flattering. High Rise Comfort: The high waist design provides a secure and comfortable fit, perfect for pairing with your favorite tops. Versatile Style: Solid pattern and ankle length make these pants suitable for both professional and casual settings. Convenient Pockets: Two pockets offer practicality without compromising on style. These pants are your go-to choice for a polished look, whether you're dressing up for a meeting or dressing down for a weekend brunch. Wash and Care Hand Wash 30°C. Wash Dark Colours Separately. Do Not Bleach. Line Dry. Do Not Iron On Embellishment. Cool Iron. Do Not Dry Clean.",8909001940914
"Feb 15, 2026 @ 18:53:22.942",f1d0964494c97ee077f171bb637850f6,https://styleunion.in/collections/womens-socks/products/solid-running-shorts-pfst00002?variant=47058344476921,Air Dry Solid Running Shorts,599,599,0,Flex,XS,"Product Details Fabric Type: 98% Polyester, 2% Spandex Weave Type: Knit Pattern: Solid Length: Above Knee Fit: Regular Fit Waist Rise: Mid Rise Pockets: Welt Pocket, 2 Description Experience the perfect blend of comfort and style with our Solid Running Shorts. Designed for the active man, these shorts offer a relaxed fit that ensures ease of movement, making them your ideal companion for any workout or casual day out. The lightweight fabric keeps you cool and dry, while the solid pattern adds a touch of sophistication to your athletic wardrobe. Comfortable Fabric: The 98% Polyester and 2% Spandex blend provides a soft, stretchy feel that moves with you, ensuring maximum comfort during any activity. Practical Pockets: Featuring two welt pockets, these shorts offer convenient storage for your essentials, keeping them secure while you stay active. Versatile Design: The solid pattern and above-knee length make these shorts suitable for both workouts and casual outings, offering versatility in your wardrobe. Whether you're hitting the gym or running errands, these shorts are designed to fit seamlessly into your lifestyle, providing both functionality and style. Wash and Care Hand Wash 30°C. Wash Dark Colours Separately. Do Not Bleach. Line Dry. Do Not Iron On Embellishment. Cool Iron. Do Not Dry Clean.",8909404034128
"Feb 15, 2026 @ 18:53:33.373",4009410fd2cda19380f59a022eed76bd,https://styleunion.in/collections/womens-socks/products/mid-flare-solid-high-rise-leggings-wacl00002?variant=46284949979385,Air Dry Bootcut High Rise Leggings,599,599,0,Black,XS,"Product Details Fabric Type: Cotton Spandex (95% Cotton, 5% Spandex) Weave Type: Knit Pattern: Solid Length: Regular Length Fit: Boot Cut Waist Rise: High Rise Description Experience unparalleled comfort and style with our Bootcut High Rise Leggings. Crafted from a soft and stretchy cotton spandex blend, these leggings offer a perfect balance of flexibility and support. The high-rise waist provides a flattering silhouette, while the bootcut design adds a touch of elegance to your look. Whether you're heading to a casual outing or a relaxed day at home, these leggings are your go-to choice for effortless style and comfort. Comfortable Fabric: The cotton spandex blend ensures a soft touch against your skin, providing all-day comfort. High Rise Waist: Offers a secure fit and enhances your natural curves, giving you confidence in every step. Bootcut Design: Adds a stylish flair to your outfit, perfect for pairing with your favorite footwear. Versatile Style: Ideal for both casual and semi-formal occasions, making it a versatile addition to your wardrobe. Picture yourself wearing these leggings on a sunny day out with friends or lounging comfortably at home. Their versatility and comfort make them a must-have for any wardrobe. Wash and Care Hand Wash 30°C. Do Not Bleach. Wash Separately. Hang Dry In Shade. Hot Iron. Do Not Dry Clean. Do Not Iron On Embellishment. This Garment Has Tendency To Fade.",8909001309407
"Feb 15, 2026 @ 18:53:44.290",0c86907f42d4c2076a139ef0cf1387d7,https://styleunion.in/collections/womens-socks/products/regular-fit-solid-jacket-pfjk00001?variant=46284008194297,"AirJack™ 25 – Air Dry® Regular Fit Jacket With 2 Zip Pockets. LightWeight, breathable - perfect for all Weather-On The Go",899,899,0,Camel,S,"Product Details Fabric Type: Polyester (100% Elastomultiester) Weave Type: Knit Pattern: Solid Length: Regular Length Neck/Collar Type: High Neck Sleeve Type: Full Sleeve Fit: Regular Fit Pockets: Cross Pocket, 2 Description Experience the perfect blend of comfort and style with the AirJack™ 25 – Air Dry® Regular Fit Jacket. This lightweight jacket is designed to keep you comfortable and stylish, no matter the weather. Its breathable fabric ensures you stay cool and dry, making it ideal for on-the-go lifestyles. Lightweight: Enjoy the freedom of movement without feeling weighed down. Breathable Fabric: Stay fresh and comfortable, even during active days. High Neck Design: Offers added warmth and a sleek, modern look. 2 Zip Pockets: Keep your essentials secure and within easy reach. Whether you're heading to the gym, running errands, or enjoying a casual day out, this jacket is your go-to choice for versatile style and comfort. Wash and Care Machine Wash 30°C. Wash Dark Colours Separately. Do Not Bleach. Tumble Dry Low. Warm Iron. Do Not Dry Clean. Do Not Iron On Embellishment.",8909001654347
"Feb 15, 2026 @ 18:53:54.787",ed68ffe8e2192f9a6a5ed6936d2d0ed2,https://styleunion.in/collections/womens-socks/products/elastomultiester-fabric-ultra-light-weight-enhanced-flexibility-and-stretch-wicking-technology-fast-dry-and-breathable-mobile-pocket-air-shorts-atst00001?variant=46284196675833,Air Shorts™ 25- Ultra Light Enhanced Flexibility And Stretch AirDry® Secure Zip Mobile Pocket-Ready To Move,499,499,0,Black,S,"Product Details Fabric Type: 100% Elastomultiester Weave Type: Knit Pattern: Solid Length: Regular Length Waist Rise: Mid Rise Pockets: Welt Pocket, 3 Description Experience the ultimate in comfort and flexibility with our Air Shorts™ 24. Crafted from ultra-light elastomultiester fabric, these shorts offer enhanced stretch and breathability, making them perfect for active wear, travel, or everyday comfort. The fast-dry technology ensures you stay cool and dry, no matter the activity. Ultra Light Weight: Feel unrestricted and free with a fabric that moves with you. Enhanced Flexibility and Stretch: Enjoy a full range of motion, perfect for any activity. Fast Dry and Breathable: Stay fresh and comfortable with moisture-wicking technology. Secure Zip Mobile Pocket: Keep your essentials safe and secure, even on the go. Whether you're hitting the gym, exploring new destinations, or simply running errands, these shorts are designed to keep up with your lifestyle. The mid-rise waist offers a comfortable fit, while the solid pattern provides a sleek, modern look. Wash and Care Machine Wash 30°C. Wash Dark Colours Separately. Do Not Bleach. Tumble Dry Low. Warm Iron. Do Not Dry Clean. Do Not Iron On Embellishment.",8909001506592
"Feb 15, 2026 @ 18:54:05.301",139867af1cb6563ca000412d2a5d7ef0,https://styleunion.in/collections/womens-socks/products/regular-fit-jacquard-t-shirt-pfct00004?variant=46630374080761,AirDry® Gym Tee  - Work Out With E-Fast® Stretch-Made For Movement,299,299,0,Teal,XS,"Product Details Fabric Type: 92% Polyester, 8% Spandex Weave Type: Knit Pattern: Jacquard Length: Regular Length Neck/Collar Type: Crew Neck Sleeve Type: Half Sleeve Fit: Regular Fit Description Experience the perfect blend of comfort and performance with the AirDry® Gym Tee. Crafted with a unique Jacquard pattern, this t-shirt is designed to keep you moving freely and confidently during your workouts. The soft, breathable fabric ensures you stay cool and dry, while the stretchable material adapts to your every move, providing unparalleled comfort. Comfortable Fabric: The 92% Polyester and 8% Spandex blend offers a soft touch and excellent stretch, ensuring a comfortable fit that moves with you. Breathable Design: The knit weave allows for optimal airflow, keeping you cool and dry even during intense workouts. Stylish Pattern: The Jacquard design adds a touch of style, making this tee perfect for both gym sessions and casual outings. Versatile Use: Ideal for gym workouts, outdoor activities, or casual wear, this tee is your go-to choice for any occasion. Whether you're hitting the gym or enjoying a day out, the AirDry® Gym Tee offers the perfect combination of style and functionality. Wash and Care Machine Wash Cold Gentle Cycle, Wash Dark Colors Separately. Do Not Bleach. Tumble Dry Low. Cool Iron If Required. Do Not Dry Clean.",8909001817636
"Feb 15, 2026 @ 18:51:20.264",e8bd7b3fc94970f5fce2c8472a17ce6b,https://styleunion.in/collections/womens-socks/products/assorted-free-size-ankle-socks-suwfaknt03?variant=46254746632441,Women Assorted Free Size Ankle Socks (Pack of 2),149,149,0,Multicolour,FS,"Product Details Fabric type: Cotton (Cotton 80%, Nylon 15%,Spandex 5%) Weave type: Woven Pattern: Solid Description These socks are crafted from a comfortable cotton, perfect for everyday wear. They provide a snug fit and excellent breathability, ensuring your feet stay cozy and fresh throughout the day. Wash and Care Hand Wash",8907546414365
"Feb 15, 2026 @ 18:51:30.252",8bed24e64f3f4b55a39116f497d829f1,https://styleunion.in/collections/womens-socks/products/cotton-blend-ankle-length-socks-s108?variant=46254745387257,Women Cotton Blend Ankle Length Socks (Pack of 2),99,99,0,Multicolour,FS,"Product Details Fabric type: Cotton Blend Length: Ankle Length Description These ankle-length socks are crafted from a comfortable cotton blend, perfect for everyday wear. They provide a snug fit and excellent breathability, ensuring your feet stay cozy and fresh throughout the day. Fabric and Care Accessories Hand Wash",8907546878563
"Feb 15, 2026 @ 18:51:40.282",7ac7c0a31fce201a414c668bd1e79bf6,https://styleunion.in/collections/womens-socks/products/cotton-blend-ankle-length-socks-s110?variant=46254745354489,Women Cotton Blend Ankle Length Socks (Pack of 2),99,99,0,Multicolour,FS,"Product Details Fabric type: Cotton Blend Length: Ankle Length Description These ankle-length socks are crafted from a comfortable cotton blend, perfect for everyday wear. They provide a snug fit and excellent breathability, ensuring your feet stay cozy and fresh throughout the day. Fabric and Care Accessories Hand Wash",8907546878570
"Feb 15, 2026 @ 18:51:50.506",63ed91311fcf9fbdbc858c630bbd4b92,https://styleunion.in/collections/womens-socks/products/cotton-ankle-length-socks-lso0001?variant=46254740865273,Women Cotton Socks (Pack of 2),69,69,0,Multicolour,FS,"Product Details Fabric type: Cotton (Cotton 72% Polyester 27% Spandex 1%) Pattern: Printed Style: Socks Occasion: Accessories Description These printed pattern socks has a shoe liner socks. Made from cotton, it is soft and comfortable to wear. Wash and Care Hand Wash",8909001022962
"Feb 15, 2026 @ 18:52:00.562",033ccaab9be5059f831a214ddfad9ae6,https://styleunion.in/collections/womens-socks/products/womens-cotton-ankle-length-socks-lso0010?variant=46254739390713,Womens Cotton Ankle Length Socks (Pack of 2),99,99,0,Multicolour,FS,"Product Details Fabric type: Cotton (Cotton 72%, Polyester 27%, Spandex 1%) Weave type: Woven Pattern: Solid Length: Ankle Length Style: Ladies Socks Occasion: Accessories Description These ankle length socks are crafted from a comfortable cotton, perfect for everyday wear. They provide a snug fit and excellent breathability, ensuring your feet stay cozy and fresh throughout the day. Wash and Care Hand Wash",8909001180143
"Feb 15, 2026 @ 18:52:10.696",027ecb7471aed4929c0e561b9ded6001,https://styleunion.in/collections/womens-socks/products/cotton-blend-ankle-length-socks-s110-2?variant=46254738014457,Women Cotton Blend Ankle Length Socks (Pack of 2),99,99,0,Multicolour,FS,"Product Details Fabric type: Cotton Blend Length: Ankle Length Description These ankle-length socks are crafted from a comfortable cotton blend, perfect for everyday wear. They provide a snug fit and excellent breathability, ensuring your feet stay cozy and fresh throughout the day. Fabric and Care Accessories Hand Wash",8907546878587
"Feb 15, 2026 @ 18:52:20.883",a248a910a54eee218bc5a077614eba85,https://styleunion.in/collections/womens-socks/products/womens-cotton-striped-socks-pack-of-2-lso0005?variant=45012215398649,Womens Cotton Striped Socks (Pack of 2),99,99,0,Multicolour,FS,"Product Details Fabric type: Cotton (Cotton 72% Polyester 27% Spandex 1%) Weave type: Knit Pattern: Striped Style: Socks Occasion: Accessories Description These socks are crafted from a comfortable cotton, perfect for everyday wear. They provide a snug fit and excellent breathability, ensuring your feet stay cozy and fresh throughout the day. Wash and Care Hand Wash",8909001210192
"Feb 15, 2026 @ 18:52:31.060",294582bde4e3a40f091909f0769f96fa,https://styleunion.in/collections/womens-socks/products/womens-cotton-striped-socks-pack-of-2-lso0009?variant=45012215300345,Womens Cotton Striped Socks (Pack of 2),49,49,0,Multicolour,FS,"Product Details Fabric type: Cotton (Cotton 72% Polyester 27% Spandex 1%) Weave type: Knit Pattern: Striped Style: Socks Occasion: Accessories Description These socks are crafted from a comfortable cotton, perfect for everyday wear. They provide a snug fit and excellent breathability, ensuring your feet stay cozy and fresh throughout the day. Wash and Care Hand Wash",8909001210154
"Feb 15, 2026 @ 18:52:40.937",d70c89b723f67e91a6a6d6f4376d0cf0,https://styleunion.in/collections/womens-socks/products/womens-cotton-polyester-printed-socks-lso0019?variant=44988530295033,Womens Cotton Polyester Printed Socks (Pack of 2),99,99,0,Multicolour,FS,"Product Details Fabric type: Cotton Polyester Weave type: Woven Pattern: Printed Style: Ladies Socks Occasion: Accessories Description These socks are crafted from a comfortable cotton polyester, perfect for everyday wear. They provide a snug fit and excellent breathability, ensuring your feet stay cozy and fresh throughout the day. Fabric Wash and Care Hand Wash",8909063001271
"Feb 15, 2026 @ 18:52:51.302",ef70dde9a6afad2e2996b81b3da4ab4e,https://styleunion.in/collections/womens-socks/products/regular-fit-jacquard-t-shirt-pfct00003?variant=46284011372793,Velocitee™ - Air Dry® Pro - Ideal Gym T-Shirt -Made To Move,499,499,0,Endurance,XS,"Product Details Fabric Type: 90% Nylon, 10% Spandex Weave Type: Knit Pattern: Jacquard Length: Regular Length Neck/Collar Type: Crew Neck Sleeve Type: Half Sleeve Fit: Regular Fit Description Experience the perfect blend of comfort and style with our Jacquard Crew Neck T-Shirt. Crafted from a premium blend of nylon and spandex, this t-shirt offers unparalleled flexibility and durability. Whether you're hitting the gym or enjoying a casual day out, this t-shirt is your go-to choice for effortless style and comfort. Strong Fabric: Built to withstand the rigors of daily wear, ensuring long-lasting use. Smooth and Durable: Enjoy a soft touch against your skin while benefiting from a fabric that stands the test of time. Flexible 4-Way Stretch: Moves with you, providing unrestricted movement for any activity. Breathable and Fast Dry: Keeps you cool and dry, perfect for intense workouts or hot days. Light Weight: Feels like a second skin, offering comfort without the bulk. Perfect for sports, casual outings, or lounging at home, this t-shirt adapts to your lifestyle, ensuring you look and feel your best. Wash and Care Machine Wash Cold Gentle Cycle, Wash Dark Colors Separately. Do Not Bleach. Tumble Dry Low. Cool Iron If Required. Do Not Dry Clean.",8909001678572
"Feb 15, 2026 @ 18:53:01.796",d218b81e465a445d9aa0582db360f172,https://styleunion.in/collections/womens-socks/products/air-polo-solid-t-shirt-atpo00002?variant=46634704929017,Air Dry Travel Ready Light weight Polo-Ready To Move,399,399,0,Pistachio Shell,S,"Product Details Fabric Type: 70% Cotton, 30% Polyester Weave Type: Knit Pattern: Solid Length: Regular Length Neck/Collar Type: Polo Neck Sleeve Type: Half Sleeve Fit: Regular Fit Description Experience the perfect blend of comfort and style with the Air Polo Solid T-Shirt. Crafted from a premium cotton-polyester mix, this t-shirt offers the softness of cotton with the durability of polyester, ensuring it remains a staple in your wardrobe for years to come. The solid pattern and classic polo neck make it a versatile choice for any occasion, whether you're heading to a casual outing or a relaxed day at work. Comfortable Fabric: The 70% cotton composition provides a soft touch against the skin, while the 30% polyester ensures long-lasting wear. Classic Design: The solid pattern and polo neck offer a timeless look that never goes out of style. Versatile Wear: Perfect for casual outings, work, or a day out with friends, this t-shirt adapts to any setting. Easy Maintenance: Machine washable, making it convenient to care for and keep looking fresh. Wash and Care Machine Wash 40°C. Wash Dark Colours Separately. Do Not Bleach. Tumble Dry Low. Warm Iron. Do Not Dryclean.",8909001826140
"Feb 15, 2026 @ 18:53:12.489",7cb2625420327726a1f976c70366c119,https://styleunion.in/collections/womens-socks/products/solid-running-shorts-pfst00002?variant=47058344476921,Air Dry Solid Running Shorts,599,599,0,Flex,XS,"Product Details Fabric Type: 98% Polyester, 2% Spandex Weave Type: Knit Pattern: Solid Length: Above Knee Fit: Regular Fit Waist Rise: Mid Rise Pockets: Welt Pocket, 2 Description Experience the perfect blend of comfort and style with our Solid Running Shorts. Designed for the active man, these shorts offer a relaxed fit that ensures ease of movement, making them your ideal companion for any workout or casual day out. The lightweight fabric keeps you cool and dry, while the solid pattern adds a touch of sophistication to your athletic wardrobe. Comfortable Fabric: The 98% Polyester and 2% Spandex blend provides a soft, stretchy feel that moves with you, ensuring maximum comfort during any activity. Practical Pockets: Featuring two welt pockets, these shorts offer convenient storage for your essentials, keeping them secure while you stay active. Versatile Design: The solid pattern and above-knee length make these shorts suitable for both workouts and casual outings, offering versatility in your wardrobe. Whether you're hitting the gym or running errands, these shorts are designed to fit seamlessly into your lifestyle, providing both functionality and style. Wash and Care Hand Wash 30°C. Wash Dark Colours Separately. Do Not Bleach. Line Dry. Do Not Iron On Embellishment. Cool Iron. Do Not Dry Clean.",8909404034128
"Feb 15, 2026 @ 18:53:22.849",b885b8d74b2cb321f8625a997e25564a,https://styleunion.in/collections/womens-socks/products/slim-fit-high-rise-pant-espt00003?variant=47009478738169,Air Dry Slim Fit High Rise Tapered Pant,699,699,0,Dark Brown,S,"Product Details Fabric Type: 100% Polyester Weave Type: Woven Pattern: Solid Length: Ankle Length Fit: Slim Fit Waist Rise: High Rise Pockets: 2 Cut Shape: Slim Description Experience the perfect blend of style and comfort with our Slim Fit High Rise Pants. Crafted from 100% polyester, these pants offer a sleek and modern silhouette that enhances your figure while ensuring all-day comfort. The high-rise waist provides a flattering fit, making these pants a versatile addition to your wardrobe. Whether you're heading to the office or enjoying a casual day out, these ankle-length pants will keep you looking chic and feeling confident. Modern Silhouette: The slim fit design offers a tailored look that is both stylish and flattering. High Rise Comfort: The high waist design provides a secure and comfortable fit, perfect for pairing with your favorite tops. Versatile Style: Solid pattern and ankle length make these pants suitable for both professional and casual settings. Convenient Pockets: Two pockets offer practicality without compromising on style. These pants are your go-to choice for a polished look, whether you're dressing up for a meeting or dressing down for a weekend brunch. Wash and Care Hand Wash 30°C. Wash Dark Colours Separately. Do Not Bleach. Line Dry. Do Not Iron On Embellishment. Cool Iron. Do Not Dry Clean.",8909001940914
"Feb 15, 2026 @ 18:53:33.242",99c2ea09f09e9ff26f9b82a8fe6731ad,https://styleunion.in/collections/womens-socks/products/mid-flare-solid-high-rise-leggings-wacl00002?variant=46284949979385,Air Dry Bootcut High Rise Leggings,599,599,0,Black,XS,"Product Details Fabric Type: Cotton Spandex (95% Cotton, 5% Spandex) Weave Type: Knit Pattern: Solid Length: Regular Length Fit: Boot Cut Waist Rise: High Rise Description Experience unparalleled comfort and style with our Bootcut High Rise Leggings. Crafted from a soft and stretchy cotton spandex blend, these leggings offer a perfect balance of flexibility and support. The high-rise waist provides a flattering silhouette, while the bootcut design adds a touch of elegance to your look. Whether you're heading to a casual outing or a relaxed day at home, these leggings are your go-to choice for effortless style and comfort. Comfortable Fabric: The cotton spandex blend ensures a soft touch against your skin, providing all-day comfort. High Rise Waist: Offers a secure fit and enhances your natural curves, giving you confidence in every step. Bootcut Design: Adds a stylish flair to your outfit, perfect for pairing with your favorite footwear. Versatile Style: Ideal for both casual and semi-formal occasions, making it a versatile addition to your wardrobe. Picture yourself wearing these leggings on a sunny day out with friends or lounging comfortably at home. Their versatility and comfort make them a must-have for any wardrobe. Wash and Care Hand Wash 30°C. Do Not Bleach. Wash Separately. Hang Dry In Shade. Hot Iron. Do Not Dry Clean. Do Not Iron On Embellishment. This Garment Has Tendency To Fade.",8909001309407
"Feb 15, 2026 @ 18:53:44.175",caad9087e8c11080a7df7b0b54b6fcf2,https://styleunion.in/collections/womens-socks/products/regular-fit-solid-jacket-pfjk00001?variant=46284008194297,"AirJack™ 25 – Air Dry® Regular Fit Jacket With 2 Zip Pockets. LightWeight, breathable - perfect for all Weather-On The Go",899,899,0,Camel,S,"Product Details Fabric Type: Polyester (100% Elastomultiester) Weave Type: Knit Pattern: Solid Length: Regular Length Neck/Collar Type: High Neck Sleeve Type: Full Sleeve Fit: Regular Fit Pockets: Cross Pocket, 2 Description Experience the perfect blend of comfort and style with the AirJack™ 25 – Air Dry® Regular Fit Jacket. This lightweight jacket is designed to keep you comfortable and stylish, no matter the weather. Its breathable fabric ensures you stay cool and dry, making it ideal for on-the-go lifestyles. Lightweight: Enjoy the freedom of movement without feeling weighed down. Breathable Fabric: Stay fresh and comfortable, even during active days. High Neck Design: Offers added warmth and a sleek, modern look. 2 Zip Pockets: Keep your essentials secure and within easy reach. Whether you're heading to the gym, running errands, or enjoying a casual day out, this jacket is your go-to choice for versatile style and comfort. Wash and Care Machine Wash 30°C. Wash Dark Colours Separately. Do Not Bleach. Tumble Dry Low. Warm Iron. Do Not Dry Clean. Do Not Iron On Embellishment.",8909001654347
"Feb 15, 2026 @ 18:53:54.698",fa116cd31ade7c13dde7b352e95c0cd8,https://styleunion.in/collections/womens-socks/products/elastomultiester-fabric-ultra-light-weight-enhanced-flexibility-and-stretch-wicking-technology-fast-dry-and-breathable-mobile-pocket-air-shorts-atst00001?variant=46284196675833,Air Shorts™ 25- Ultra Light Enhanced Flexibility And Stretch AirDry® Secure Zip Mobile Pocket-Ready To Move,499,499,0,Black,S,"Product Details Fabric Type: 100% Elastomultiester Weave Type: Knit Pattern: Solid Length: Regular Length Waist Rise: Mid Rise Pockets: Welt Pocket, 3 Description Experience the ultimate in comfort and flexibility with our Air Shorts™ 24. Crafted from ultra-light elastomultiester fabric, these shorts offer enhanced stretch and breathability, making them perfect for active wear, travel, or everyday comfort. The fast-dry technology ensures you stay cool and dry, no matter the activity. Ultra Light Weight: Feel unrestricted and free with a fabric that moves with you. Enhanced Flexibility and Stretch: Enjoy a full range of motion, perfect for any activity. Fast Dry and Breathable: Stay fresh and comfortable with moisture-wicking technology. Secure Zip Mobile Pocket: Keep your essentials safe and secure, even on the go. Whether you're hitting the gym, exploring new destinations, or simply running errands, these shorts are designed to keep up with your lifestyle. The mid-rise waist offers a comfortable fit, while the solid pattern provides a sleek, modern look. Wash and Care Machine Wash 30°C. Wash Dark Colours Separately. Do Not Bleach. Tumble Dry Low. Warm Iron. Do Not Dry Clean. Do Not Iron On Embellishment.",8909001506592
"Feb 15, 2026 @ 18:54:05.170",245c980d8a8f895da0caa4e52779c7a2,https://styleunion.in/collections/womens-socks/products/regular-fit-jacquard-t-shirt-pfct00004?variant=46630374080761,AirDry® Gym Tee  - Work Out With E-Fast® Stretch-Made For Movement,299,299,0,Teal,XS,"Product Details Fabric Type: 92% Polyester, 8% Spandex Weave Type: Knit Pattern: Jacquard Length: Regular Length Neck/Collar Type: Crew Neck Sleeve Type: Half Sleeve Fit: Regular Fit Description Experience the perfect blend of comfort and performance with the AirDry® Gym Tee. Crafted with a unique Jacquard pattern, this t-shirt is designed to keep you moving freely and confidently during your workouts. The soft, breathable fabric ensures you stay cool and dry, while the stretchable material adapts to your every move, providing unparalleled comfort. Comfortable Fabric: The 92% Polyester and 8% Spandex blend offers a soft touch and excellent stretch, ensuring a comfortable fit that moves with you. Breathable Design: The knit weave allows for optimal airflow, keeping you cool and dry even during intense workouts. Stylish Pattern: The Jacquard design adds a touch of style, making this tee perfect for both gym sessions and casual outings. Versatile Use: Ideal for gym workouts, outdoor activities, or casual wear, this tee is your go-to choice for any occasion. Whether you're hitting the gym or enjoying a day out, the AirDry® Gym Tee offers the perfect combination of style and functionality. Wash and Care Machine Wash Cold Gentle Cycle, Wash Dark Colors Separately. Do Not Bleach. Tumble Dry Low. Cool Iron If Required. Do Not Dry Clean.",8909001817636
