crawl_timestamp,uniq_id,page_url,product_name,brand,sku,selling_price,list_price,rating,image_url
"Apr 19, 2026 @ 13:49:15.504",d2ccc220a09aafbda2679f3b032aaa99,https://www.shoppersstop.com/round-glass-dish-with-lid-1000ml-transparent/p/IYRNGRL1000,Round Glass Dish with Lid 1000ml Transparent,Borosil,IYRNGRL1000,715,795,,https://images-magento.shoppersstop.com/pub/media/catalog/product/IYRNGRL1000/IYRNGRL1000_MULTI/IYRNGRL1000_MULTI.jpg_2000Wx3000H
"Apr 19, 2026 @ 13:49:15.521",ee5533d5ad657fc56ea7f93e4487ded2,https://www.shoppersstop.com/alivia-katori-stoneware-free-size/p/S22B2EAALKTBRW,Alivia Katori Stoneware Free Size,Back To Earth,S22B2EAALKTBRW,99,,,https://images-magento.shoppersstop.com/pub/media/catalog/product/S22B2EAALKTBRW/S22B2EAALKTBRW_BEIGE/S22B2EAALKTBRW_BEIGE.jpg_2000Wx3000H
"Apr 19, 2026 @ 13:49:15.516",f65730f33bff211c108778f59117b409,https://www.shoppersstop.com/1-pc-950ml-serving-bowl-winter-frost-white/p/A226003911,1 Pc 950ml Serving Bowl Winter Frost White,Corelle,A226003911,740,925,,https://images-magento.shoppersstop.com/pub/media/catalog/product/A226003911/A226003911_WHITE/A226003911_WHITE.jpg_2000Wx3000H
"Apr 19, 2026 @ 13:49:15.510",8eead11cff55d9924ffff6dad33ace41,https://www.shoppersstop.com/gardenia-mirasol-side-plate-20cm/p/S24DIN161351,Gardenia Mirasol Side Plate 20Cm,HomeStop,S24DIN161351,225,,,https://images-magento.shoppersstop.com/pub/media/catalog/product/S24DIN161351/S24DIN161351_TEAL/S24DIN161351_TEAL.jpg_2000Wx3000H
"Apr 19, 2026 @ 13:49:15.611",17d74be7f5b3bb0b89e5438478c21f31,https://www.shoppersstop.com/linea-bamboo-serving-bowl/p/A23DIN180491,Linea Bamboo Serving Bowl,HomeStop,A23DIN180491,209,699,,https://images-magento.shoppersstop.com/pub/media/catalog/product/A23DIN180491/A23DIN180491_MULTI/A23DIN180491_MULTI.jpg_2000Wx3000H
"Apr 19, 2026 @ 13:49:15.627",723337940715c712f1595e1d04a0394f,https://www.shoppersstop.com/barline-juice-drinking-glass-set-230-ml-set-of-6-pcs/p/6626004,Barline Juice Drinking Glass Set 230 ml Set Of 6 Pcs,Bohemia Crystal,6626004,2799,,,https://images-magento.shoppersstop.com/pub/media/catalog/product/6626004/6626004_UNMAPPED/6626004_UNMAPPED.jpg_2000Wx3000H
"Apr 19, 2026 @ 13:49:15.641",c6478e95f8a4baf2a9eed21d4180f30b,https://www.shoppersstop.com/cg-adorne-finebone-wht-veg-bowl-10-cm/p/S25DIN160070,Cg Adorne Finebone Wht Veg Bowl 10 cm,HomeStop,S25DIN160070,245,,,https://images-magento.shoppersstop.com/pub/media/catalog/product/S25DIN160070/S25DIN160070_WHITE/S25DIN160070_WHITE.jpg_2000Wx3000H
"Apr 19, 2026 @ 13:49:15.633",fb627af3b3ae06d9f0634c7c21473162,https://www.shoppersstop.com/grace-tessa-dessert-set-of-2/p/A25DIN160099,Grace Tessa Dessert Set Of 2,HomeStop,A25DIN160099,795,,,https://images-magento.shoppersstop.com/pub/media/catalog/product/A25DIN160099/A25DIN160099_CLEAR/A25DIN160099_CLEAR.jpg
"Apr 19, 2026 @ 13:49:15.735",3253da02a4e6ec180439ac4395f26dcb,https://www.shoppersstop.com/alivia-serving-bowl-stoneware-10-6-x-16-5-cm/p/S22B2EAALSRBBRW,Alivia Serving Bowl Stoneware 10.6 x 16.5 cm,Back To Earth,S22B2EAALSRBBRW,399,,,https://images-magento.shoppersstop.com/pub/media/catalog/product/S22B2EAALSRBBRW/S22B2EAALSRBBRW_BEIGE/S22B2EAALSRBBRW_BEIGE.jpg_2000Wx3000H
"Apr 19, 2026 @ 13:49:15.759",e2f6b2b028636b75318bdfcbef55cb64,https://www.shoppersstop.com/farmhouse-cereal-bowl/p/A237605111549,Farmhouse Cereal Bowl,Chumbak,A237605111549,556,695,,https://images-magento.shoppersstop.com/pub/media/catalog/product/A237605111549/A237605111549_IVORY/A237605111549_IVORY.jpg_2000Wx3000H
"Apr 19, 2026 @ 13:49:15.750",fb7e989362fe8fae76490c3893357b91,https://www.shoppersstop.com/glass-mixing-serving-bowl-oven-microwave-safe-bowl-2-5-l-borosilicate-glass-clear-transparent/p/IH22MB09225,Glass Mixing & Serving Bowl Oven & Microwave Safe Bowl 2.5 L Borosilicate Glass Clear Transparent,Borosil,IH22MB09225,718,845,,https://images-magento.shoppersstop.com/pub/media/catalog/product/IH22MB09225/IH22MB09225_MULTI/IH22MB09225_MULTI.jpg_1000Wx1500H
"Apr 19, 2026 @ 13:49:15.743",ac41a0a2e2feb9e1371dea99eedae277,https://www.shoppersstop.com/glass-dish-with-lid-1-1-l-transparent/p/IYREGRL1100,Glass Dish with Lid 1.1 L Transparent,Borosil,IYREGRL1100,620,775,,https://images-magento.shoppersstop.com/pub/media/catalog/product/IYREGRL1100/IYREGRL1100_MULTI/IYREGRL1100_MULTI.jpg_2000Wx3000H
"Apr 19, 2026 @ 13:49:15.838",f3aeeae3ca48df8b2257931f63aac395,https://www.shoppersstop.com/areca-leaves-serving-bowl-set-of-4-8-inch/p/S24DIN169911,Areca Leaves Serving Bowl Set Of 4 8 Inch,Back To Earth,S24DIN169911,73,245,,https://images-magento.shoppersstop.com/pub/media/catalog/product/S24DIN169911/S24DIN169911_BROWN/S24DIN169911_BROWN.jpg_2000Wx3000H
"Apr 19, 2026 @ 13:49:15.852",78cd9f7979a7ef07285be9510e7f5d86,https://www.shoppersstop.com/modern-ornate-serving-bowl-20-cm/p/S24DIN161339,Modern Ornate Serving Bowl 20 cm,HomeStop,S24DIN161339,647,1295,,https://images-magento.shoppersstop.com/pub/media/catalog/product/S24DIN161339/S24DIN161339_GOLD/S24DIN161339_GOLD.jpg_2000Wx3000H
"Apr 19, 2026 @ 13:49:15.862",361fd936b157e8bcb7652119615bee5f,https://www.shoppersstop.com/farmhouse-pasta-bowl/p/A237605111518,Farmhouse Pasta Bowl,Chumbak,A237605111518,796,995,,https://images-magento.shoppersstop.com/pub/media/catalog/product/A237605111518/A237605111518_IVORY/A237605111518_IVORY.jpg_1000Wx1500H
"Apr 19, 2026 @ 13:49:15.869",01c8f945bfb78a69459fe5b867f9b318,https://www.shoppersstop.com/1-pc-950ml-serving-bowl-morning-blue/p/A22432MBLP,1 Pc 950ml Serving Bowl Morning Blue,Corelle,A22432MBLP,839,1049,,https://images-magento.shoppersstop.com/pub/media/catalog/product/A22432MBLP/A22432MBLP_WHITE/A22432MBLP_WHITE.jpg_1000Wx1500H
"Apr 19, 2026 @ 13:49:15.939",f5bf01071d9fc7a79e08556588f16a6d,https://www.shoppersstop.com/borosilicate-glass-microwave-safe-mixing-serving-bowl-set-of-2-with-lid-900-ml-each-clear/p/IH22MB01290,Borosilicate Glass Microwave Safe Mixing & Serving Bowl Set of 2 with Lid (900 ml each) Clear,Borosil,IH22MB01290,820,965,,https://images-magento.shoppersstop.com/pub/media/catalog/product/IH22MB01290/IH22MB01290_MULTI/IH22MB01290_MULTI.jpg_2000Wx3000H
"Apr 19, 2026 @ 13:49:15.957",63ac75907995e9876d8db9b511b45293,https://www.shoppersstop.com/neem-wood-salad-bowl-17x5/p/A25BTE18001503,Neem Wood Salad Bowl 17X5,Back To Earth,A25BTE18001503,995,,,https://images-magento.shoppersstop.com/pub/media/catalog/product/A25BTE18001503/A25BTE18001503_BROWN/A25BTE18001503_BROWN.jpg
"Apr 19, 2026 @ 13:49:15.963",e8c02e0b5b33f6b2ad898898c93337e5,https://www.shoppersstop.com/global-indian-oasis-serving-bowl-w-lid/p/S24DIN160320,Global Indian Oasis Serving Bowl W Lid,HomeStop,S24DIN160320,1247,2495,,https://images-magento.shoppersstop.com/pub/media/catalog/product/S24DIN160320/S24DIN160320_TEAL/S24DIN160320_TEAL.jpg_2000Wx3000H
"Apr 19, 2026 @ 13:49:15.968",367aa3da88883d6943718645e5049817,https://www.shoppersstop.com/farmhouse-serving-bowl/p/A237605111532,Farmhouse Serving Bowl,Chumbak,A237605111532,876,1095,,https://images-magento.shoppersstop.com/pub/media/catalog/product/A237605111532/A237605111532_IVORY/A237605111532_IVORY.jpg_2000Wx3000H
"Apr 19, 2026 @ 13:49:16.033",584798947d0bfef53164d13d428d5066,https://www.shoppersstop.com/jaipur-backyard-bowl-chopsticks-set/p/A237605126512,Jaipur backyard Bowl & Chopsticks Set?,Chumbak,A237605126512,716,895,,https://images-magento.shoppersstop.com/pub/media/catalog/product/A237605126512/A237605126512_RED/A237605126512_RED.jpg_2000Wx3000H
"Apr 19, 2026 @ 13:49:16.040",6d953c83bb90ccebd4a50ca80dc1c73f,https://www.shoppersstop.com/glass-casserole-deep-round-oven-and-microwave-safe-serving-bowl-with-glass-lid-2-5l/p/IH22CA14225,Glass Casserole Deep Round Oven And Microwave Safe Serving Bowl With Glass Lid 2.5L,Borosil,IH22CA14225,1075,1195,,https://images-magento.shoppersstop.com/pub/media/catalog/product/IH22CA14225/IH22CA14225_MULTI/IH22CA14225_MULTI.jpg_2000Wx3000H
"Apr 19, 2026 @ 13:49:16.054",403157b125f67a66b96104900f121377,https://www.shoppersstop.com/432-lilac-blush-serving-bowl-950-ml/p/A231120874,432 Lilac Blush Serving Bowl 950 ml,Corelle,A231120874,839,1049,,https://images-magento.shoppersstop.com/pub/media/catalog/product/A231120874/A231120874_WHITE/A231120874_WHITE.jpg_2000Wx3000H
"Apr 19, 2026 @ 13:49:16.067",0107c0845f8d3e80064b91757316e6d3,https://www.shoppersstop.com/snack-bowl-with-cloche-300ml/p/A25BTE18001754,Snack Bowl With Cloche 300Ml,Back To Earth,A25BTE18001754,796,995,,https://images-magento.shoppersstop.com/pub/media/catalog/product/A25BTE18001754/A25BTE18001754_CLEAR/A25BTE18001754_CLEAR.jpg
"Apr 19, 2026 @ 13:49:16.133",e44b35478c0a919a5a2f425600995dc5,https://www.shoppersstop.com/alivia-large-handi-with-lid/p/S23DIN180595,Alivia Large Handi With Lid,HomeStop,S23DIN180595,599,,,https://images-magento.shoppersstop.com/pub/media/catalog/product/S23DIN180595/S23DIN180595_BEIGE/S23DIN180595_BEIGE.jpg_2000Wx3000H
"Apr 19, 2026 @ 13:49:16.148",ccc15bb1bc821eab2683dd4890a94c2b,https://www.shoppersstop.com/borosilicate-glass-microwave-safe-mixing-serving-bowl-900-ml-clear/p/IH22MB15190,Borosilicate Glass Microwave Safe Mixing & Serving Bowl (900 ml) Clear,Borosil,IH22MB15190,369,435,,https://images-magento.shoppersstop.com/pub/media/catalog/product/IH22MB15190/IH22MB15190_MULTI/IH22MB15190_MULTI.jpg_2000Wx3000H
"Apr 19, 2026 @ 13:49:16.164",72f4218f23f3acd161d375d7d80ded69,https://www.shoppersstop.com/gardenia-mirasol-serving-bowlwlid-1-l/p/S24DIN161358,Gardenia Mirasol Serving Bowlwlid 1 L,HomeStop,S24DIN161358,795,,,https://images-magento.shoppersstop.com/pub/media/catalog/product/S24DIN161358/S24DIN161358_TEAL/S24DIN161358_TEAL.jpg_2000Wx3000H
"Apr 19, 2026 @ 13:49:16.160",300fc97196547c3fc73c79073f1dd60e,https://www.shoppersstop.com/serving-bowl-wth-wooden-lid-1l/p/A25BTE18001752,Serving Bowl Wth Wooden Lid 1L,Back To Earth,A25BTE18001752,1295,,,https://images-magento.shoppersstop.com/pub/media/catalog/product/A25BTE18001752/A25BTE18001752_CLEAR/A25BTE18001752_CLEAR.jpg
"Apr 19, 2026 @ 13:49:16.234",e92e78222651e025571d78b2a0a1bb30,https://www.shoppersstop.com/borosilicate-glass-microwave-safe-mixing-serving-bowl-1-3-l-clear/p/IH22MB04213,Borosilicate Glass Microwave Safe Mixing & Serving Bowl (1.3 L) Clear,Borosil,IH22MB04213,420,495,,https://images-magento.shoppersstop.com/pub/media/catalog/product/IH22MB04213/IH22MB04213_MULTI/IH22MB04213_MULTI.jpg_2000Wx3000H
"Apr 19, 2026 @ 13:49:16.245",840f76612f5600d0e551a049cffdb1c5,https://www.shoppersstop.com/neem-wood-salad-bowl-24x5/p/A25BTE18001502,Neem Wood Salad Bowl 24X5,Back To Earth,A25BTE18001502,1195,,,https://images-magento.shoppersstop.com/pub/media/catalog/product/A25BTE18001502/A25BTE18001502_BROWN/A25BTE18001502_BROWN.jpg
"Apr 19, 2026 @ 13:49:16.261",98e7ddb6096ef37674ca13f50e8c945e,https://www.shoppersstop.com/grace-crowned-fruit-bowl-32cm/p/A25DIN160188,Grace Crowned Fruit Bowl 32Cm,HomeStop,A25DIN160188,1247,2495,,https://images-magento.shoppersstop.com/pub/media/catalog/product/A25DIN160188/A25DIN160188_CLEAR/A25DIN160188_CLEAR.jpg
"Apr 19, 2026 @ 13:49:16.254",0ffe70dd29998f861b71c01920d1b0c7,https://www.shoppersstop.com/borosilicate-glass-microwave-safe-mixing-serving-bowl-500-ml-clear/p/IH22MB01150,Borosilicate Glass Microwave Safe Mixing & Serving Bowl (500 ml) Clear,Borosil,IH22MB01150,318,375,,https://images-magento.shoppersstop.com/pub/media/catalog/product/IH22MB01150/IH22MB01150_MULTI/IH22MB01150_MULTI.jpg_2000Wx3000H
"Apr 19, 2026 @ 13:49:16.327",4edffb1bfa9236ae4d7c208fe87785ae,https://www.shoppersstop.com/marigold-quarter-plate-handpainted-stoneware/p/A237605131912,Marigold Quarter Plate - Handpainted Stoneware,Chumbak,A237605131912,636,795,,https://images-magento.shoppersstop.com/pub/media/catalog/product/A237605131912/A237605131912_MULTI/A237605131912_MULTI.jpg_2000Wx3000H
"Apr 19, 2026 @ 13:49:16.345",96b693a2f316768f43d27d3449c95d02,https://www.shoppersstop.com/alivia-wide-mouth-cereal-bowl/p/S23DIN180558,Alivia Wide Mouth Cereal Bowl,HomeStop,S23DIN180558,299,,,https://images-magento.shoppersstop.com/pub/media/catalog/product/S23DIN180558/S23DIN180558_BEIGE/S23DIN180558_BEIGE.jpg_2000Wx3000H
"Apr 19, 2026 @ 13:49:16.352",db3a2db6805e76194c1ad82992b1fa8b,https://www.shoppersstop.com/stainless-steel-pearl-dessert-bowl/p/S24SK477,Stainless Steel Pearl Dessert Bowl,Sanjeev Kapoor,S24SK477,199,,,https://images-magento.shoppersstop.com/pub/media/catalog/product/S24SK477/S24SK477_SILVER_GREY/S24SK477_SILVER_GREY.jpg_2000Wx3000H
"Apr 19, 2026 @ 13:49:16.357",d29fedcb330ea897b7bfaf3647807047,https://www.shoppersstop.com/alivia-soup-bowl-with-spoon-stoneware-13-x-8-5-cm/p/S22B2EAALSBSBRW,Alivia Soup Bowl With Spoon Stoneware 13 x 8.5 cm,Back To Earth,S22B2EAALSBSBRW,299,,,https://images-magento.shoppersstop.com/pub/media/catalog/product/S22B2EAALSBSBRW/S22B2EAALSBSBRW_BEIGE/S22B2EAALSBSBRW_BEIGE.jpg_2000Wx3000H
"Apr 19, 2026 @ 13:49:16.419",9be22410459bf9c3cc0fbfe4a7fec4fe,https://www.shoppersstop.com/popart-treat-yourself-veg-bowl/p/A23DIN169009,Popart Treat Yourself Veg Bowl,HomeStop,A23DIN169009,43,145,,https://images-magento.shoppersstop.com/pub/media/catalog/product/A23DIN169009/A23DIN169009_MULTI/A23DIN169009_MULTI.jpg_2000Wx3000H
"Apr 19, 2026 @ 13:49:16.439",83441ee8afb52d2a1ed97e6a40552f68,https://www.shoppersstop.com/homemade-dual-tone-platter-muve-30cmx14cm/p/S25DIN160192001,Homemade Dual Tone Platter Muve 30Cmx14Cm,HomeStop,S25DIN160192001,595,,,https://images-magento.shoppersstop.com/pub/media/catalog/product/S25DIN160192001/S25DIN160192001_MAUVE/S25DIN160192001_MAUVE.jpg
"Apr 19, 2026 @ 13:49:16.444",7f10cf4e0e436bd616e19a2c31a0bd23,https://www.shoppersstop.com/set-of-2-mxg-bowls-0-5-1-3-l/p/A23IH22MB12021,Set Of 2 Mxg Bowls 0.5 + 1.3 L,Borosil,A23IH22MB12021,735,865,,https://images-magento.shoppersstop.com/pub/media/catalog/product/A23IH22MB12021/A23IH22MB12021_NO_COLOR/A23IH22MB12021_NO_COLOR.jpg_2000Wx3000H
"Apr 19, 2026 @ 13:49:16.452",1edeb1d254c41ec3102e23f3b1656a6c,https://www.shoppersstop.com/globan-indian-heritage-platter-30-cm/p/S24DIN160281,Globan Indian Heritage Platter 30 cm,HomeStop,S24DIN160281,747,1495,,https://images-magento.shoppersstop.com/pub/media/catalog/product/S24DIN160281/S24DIN160281_MULTI/S24DIN160281_MULTI.jpg_2000Wx3000H
"Apr 19, 2026 @ 13:49:16.518",96bd5a0eac1517f67da61316feb0b6fb,https://www.shoppersstop.com/popart-treat-yourself-platter-wt-handle/p/A23DIN169014,Popart Treat Yourself Platter Wt Handle,HomeStop,A23DIN169014,238,795,,https://images-magento.shoppersstop.com/pub/media/catalog/product/A23DIN169014/A23DIN169014_MULTI/A23DIN169014_MULTI.jpg_2000Wx3000H
"Apr 19, 2026 @ 13:49:16.540",ddf2d2293a6e37096f00fc54cadea001,https://www.shoppersstop.com/grace-fern-platter/p/A24DIN160150,Grace Fern Platter,HomeStop,A24DIN160150,1495,2995,,https://images-magento.shoppersstop.com/pub/media/catalog/product/A24DIN160150/A24DIN160150_CLEAR/A24DIN160150_CLEAR.jpg_2000Wx3000H
"Apr 19, 2026 @ 13:49:16.544",f7eefc3bdf9e290e8f315144807a95ac,https://www.shoppersstop.com/golden-garden-small-bowl-pink/p/A24DIN160096,Golden Garden Small Bowl Pink,HomeStop,A24DIN160096,495,,,https://images-magento.shoppersstop.com/pub/media/catalog/product/A24DIN160096/A24DIN160096_PINK/A24DIN160096_PINK.jpg_2000Wx3000H
"Apr 19, 2026 @ 13:49:16.556",935c0037945dbbd4c6d3b0402671d259,https://www.shoppersstop.com/golden-garden-organic-bowl/p/A24DIN169934,Golden Garden Organic Bowl,HomeStop,A24DIN169934,347,695,,https://images-magento.shoppersstop.com/pub/media/catalog/product/A24DIN169934/A24DIN169934_CLEAR/A24DIN169934_CLEAR.jpg_2000Wx3000H
"Apr 19, 2026 @ 13:49:16.613",4b03e15e594ccbd8245852328c40007b,https://www.shoppersstop.com/1-pc-177ml-remkin-bowl-katori-country-cottage/p/A22406CCLP,1 Pc 177ml Remkin Bowl / Katori Country Cottage,Corelle,A22406CCLP,399,499,,https://images-magento.shoppersstop.com/pub/media/catalog/product/A22406CCLP/A22406CCLP_WHITE/A22406CCLP_WHITE.jpg_2000Wx3000H
"Apr 19, 2026 @ 13:49:16.632",d7e4dd77a19c419f622245aae44931c5,https://www.shoppersstop.com/marigold-pasta-dish-handpainted-stoneware/p/A237605132001,Marigold Pasta Dish - Handpainted Stoneware,Chumbak,A237605132001,796,995,,https://images-magento.shoppersstop.com/pub/media/catalog/product/A237605132001/A237605132001_MULTI/A237605132001_MULTI.jpg_2000Wx3000H
"Apr 19, 2026 @ 13:49:16.644",433b8a41cfdd0166dc76b88a1685df78,https://www.shoppersstop.com/stainless-steel-sigma-dessert-bowl/p/S24SK470,Stainless Steel Sigma Dessert Bowl,Sanjeev Kapoor,S24SK470,79,,,https://images-magento.shoppersstop.com/pub/media/catalog/product/S24SK470/S24SK470_SILVER_GREY/S24SK470_SILVER_GREY.jpg_2000Wx3000H
"Apr 19, 2026 @ 13:49:16.639",af5331198a2673684b3a461915e7212f,https://www.shoppersstop.com/pooja-thali-eco-3-pcs-set-in-gold-color/p/A22PS0102G,Pooja Thali Eco 3 Pcs Set In Gold Color,FNS,A22PS0102G,848,998,,https://images-magento.shoppersstop.com/pub/media/catalog/product/A22PS0102G/A22PS0102G_GOLD/A22PS0102G_GOLD.jpg_2000Wx3000H
"Apr 19, 2026 @ 13:49:16.722",64866007a0f0a8ab4e2e39c9a93f5be1,https://www.shoppersstop.com/grace-ice-cream-bowl-set-of-6-150-ml/p/A24DIN160107,Grace Ice Cream Bowl Set Of 6 150 ml,HomeStop,A24DIN160107,895,,,https://images-magento.shoppersstop.com/pub/media/catalog/product/A24DIN160107/A24DIN160107_CLEAR/A24DIN160107_CLEAR.jpg_2000Wx3000H
"Apr 19, 2026 @ 13:49:16.742",ed892e47d911504678e0a637c7c089cb,https://www.shoppersstop.com/areca-leaves-veg-bowl-set-of-6-5-inch/p/S24DIN169910,Areca Leaves Veg Bowl Set Of 6 5 Inch,Back To Earth,S24DIN169910,58,195,,https://images-magento.shoppersstop.com/pub/media/catalog/product/S24DIN169910/S24DIN169910_BROWN/S24DIN169910_BROWN.jpg_2000Wx3000H
"Apr 19, 2026 @ 13:49:16.733",f6bb59d5f185cde4c8305aed9218c0a2,https://www.shoppersstop.com/modern-solid-matte-beige-soup-bowl-11cm/p/A24DIN160071,Modern Solid Matte Beige Soup Bowl 11Cm,HomeStop,A24DIN160071,72,145,,https://images-magento.shoppersstop.com/pub/media/catalog/product/A24DIN160071/A24DIN160071_BEIGE/A24DIN160071_BEIGE.jpg_2000Wx3000H
"Apr 19, 2026 @ 13:49:16.751",3fa69f2a27c0b95c74861836ad462fab,https://www.shoppersstop.com/1-pc-296ml-vegetable-dessert-bowl-english-garden/p/A22410ENGLP,1 Pc 296ml Vegetable / Dessert Bowl English Garden,Corelle,A22410ENGLP,420,525,,https://images-magento.shoppersstop.com/pub/media/catalog/product/A22410ENGLP/A22410ENGLP_WHITE/A22410ENGLP_WHITE.jpg_2000Wx3000H
"Apr 19, 2026 @ 13:49:16.831",2a8adc1b1acd34f4bc22654ef2042e62,https://www.shoppersstop.com/neem-wood-serving-platter-10x8/p/A25BTE18001489,Neem Wood Serving Platter 10X8,Back To Earth,A25BTE18001489,1395,,,https://images-magento.shoppersstop.com/pub/media/catalog/product/A25BTE18001489/A25BTE18001489_BROWN/A25BTE18001489_BROWN.jpg
"Apr 19, 2026 @ 13:49:16.847",a9fe9909e1cbea2d8228502cfc6ce242,https://www.shoppersstop.com/neem-wood-art-platter-17x7/p/A25BTE18001495,Neem Wood Art Platter 17X7,Back To Earth,A25BTE18001495,995,,,https://images-magento.shoppersstop.com/pub/media/catalog/product/A25BTE18001495/A25BTE18001495_BROWN/A25BTE18001495_BROWN.jpg
"Apr 19, 2026 @ 13:49:16.854",2f49dc2cc1d58a6f0f62c881d863cd3f,https://www.shoppersstop.com/global-indian-oasis-platter-30-cm/p/S24DIN160321,Global Indian Oasis Platter 30 cm,HomeStop,S24DIN160321,997,1995,,https://images-magento.shoppersstop.com/pub/media/catalog/product/S24DIN160321/S24DIN160321_TEAL/S24DIN160321_TEAL.jpg_2000Wx3000H
"Apr 19, 2026 @ 13:49:16.862",fc9333097ec42278197fd1c44d7bd170,https://www.shoppersstop.com/flavius-cereal-bowl/p/S23KIT410899,Flavius Cereal Bowl,HomeStop,S23KIT410899,209,699,,https://images-magento.shoppersstop.com/pub/media/catalog/product/S23KIT410899/S23KIT410899_WHITE/S23KIT410899_WHITE.jpg_2000Wx3000H
"Apr 19, 2026 @ 13:49:16.942",40d4b341aa48b10cf13f7391c65fd138,https://www.shoppersstop.com/1-pc-177ml-remkin-bowl-katori-morning-blue/p/A22406MBLP,1 Pc 177ml Remkin Bowl / Katori Morning Blue,Corelle,A22406MBLP,399,499,,https://images-magento.shoppersstop.com/pub/media/catalog/product/A22406MBLP/A22406MBLP_WHITE/A22406MBLP_WHITE.jpg_2000Wx3000H
"Apr 19, 2026 @ 13:49:16.954",8c41d323ec4bfa7a9a259bdf5e41482c,https://www.shoppersstop.com/areca-leaves-drop-platter-set-of-4/p/S24DIN169912,Areca Leaves Drop Platter Set Of 4,Back To Earth,S24DIN169912,88,295,,https://images-magento.shoppersstop.com/pub/media/catalog/product/S24DIN169912/S24DIN169912_BROWN/S24DIN169912_BROWN.jpg_2000Wx3000H
"Apr 19, 2026 @ 13:49:16.960",12e36f811a6be0f0c98ed9d4e66fc9d4,https://www.shoppersstop.com/611-oval-lilac-blush-serving-platter-31-cm/p/A231120875,611 Oval Lilac Blush Serving Platter 31 cm,Corelle,A231120875,980,1225,,https://images-magento.shoppersstop.com/pub/media/catalog/product/A231120875/A231120875_WHITE/A231120875_WHITE.jpg_2000Wx3000H
"Apr 19, 2026 @ 13:49:16.949",df0e3c54dd1e3440a3d2f34d765e90b7,https://www.shoppersstop.com/alivia-wide-mouth-veg-bowl/p/S23DIN180559,Alivia Wide Mouth Veg Bowl,HomeStop,S23DIN180559,149,,,https://images-magento.shoppersstop.com/pub/media/catalog/product/S23DIN180559/S23DIN180559_BEIGE/S23DIN180559_BEIGE.jpg_2000Wx3000H
"Apr 19, 2026 @ 13:49:17.039",ae74b1cf490892f75491f815ba5b681d,https://www.shoppersstop.com/neem-wood-art-platter-22x10/p/A25BTE18001496,Neem Wood Art Platter 22X10,Back To Earth,A25BTE18001496,1295,,,https://images-magento.shoppersstop.com/pub/media/catalog/product/A25BTE18001496/A25BTE18001496_BROWN/A25BTE18001496_BROWN.jpg
"Apr 19, 2026 @ 13:49:17.044",6d33fc38f0e97811baa2a3332a7698f6,https://www.shoppersstop.com/modern-solid-matte-grey-soup-bowl-11cm/p/A24DIN160053,Modern Solid Matte Grey Soup Bowl 11Cm,HomeStop,A24DIN160053,72,145,,https://images-magento.shoppersstop.com/pub/media/catalog/product/A24DIN160053/A24DIN160053_GREY/A24DIN160053_GREY.jpg_2000Wx3000H
"Apr 19, 2026 @ 13:49:17.049",9aa33ebb554565d5074cf9e20e9a6e7c,https://www.shoppersstop.com/grace-glitz-pudding-set-of-7-17cmx8cm/p/A24DIN160112,Grace Glitz Pudding Set Of 7 17Cmx8Cm,HomeStop,A24DIN160112,995,1995,,https://images-magento.shoppersstop.com/pub/media/catalog/product/A24DIN160112/A24DIN160112_CLEAR/A24DIN160112_CLEAR.jpg_2000Wx3000H
"Apr 19, 2026 @ 13:49:17.058",4d6bedf4004c7aea4b4018254c407734,https://www.shoppersstop.com/snack-platter-wth-cloche-cvr-13x7-cm/p/A25BTE18001750,Snack Platter Wth Cloche Cvr 13X7 Cm,Back To Earth,A25BTE18001750,1495,,,https://images-magento.shoppersstop.com/pub/media/catalog/product/A25BTE18001750/A25BTE18001750_CLEAR/A25BTE18001750_CLEAR.jpg
"Apr 19, 2026 @ 13:49:17.133",5fb32c074fb3dce2a68f05a4a2a8696c,https://www.shoppersstop.com/floral-v-neck-rayon-women-dress/p/MMYMD86PD7,Floral V-Neck Rayon Women Dress,Moomaya,MMYMD86PD7,924,2200,,https://images-magento.shoppersstop.com/pub/media/catalog/product/MMYMD86PD7/MMYMD86PD7_BLACK/MMYMD86PD7_BLACK.jpg_2000Wx3000H
"Apr 19, 2026 @ 13:49:17.141",9b505df83c4c472525a5a83d8488bf84,https://www.shoppersstop.com/solid-square-neck-polyester-women-dress/p/N24WDR5145BK,Solid Square Neck Polyester Women Dress,Neudis,N24WDR5145BK,2499,,,https://images-magento.shoppersstop.com/pub/media/catalog/product/N24WDR5145BK/N24WDR5145BK_BLACK/N24WDR5145BK_BLACK.jpg_2000Wx3000H
"Apr 19, 2026 @ 13:49:17.157",d868c57e909afe3754fb33419ed5b6f3,https://www.shoppersstop.com/floral-v-neck-chiffon-women-dress/p/MMYMD315PD1,Floral V-Neck Chiffon Women Dress,Moomaya,MMYMD315PD1,1312,3200,,https://images-magento.shoppersstop.com/pub/media/catalog/product/MMYMD315PD1/MMYMD315PD1_PURPLE/MMYMD315PD1_PURPLE.jpg_2000Wx3000H
"Apr 19, 2026 @ 13:49:17.146",0f3a7a49461a0ec31f7018b43ac8d9d1,https://www.shoppersstop.com/polka-dots-v-neck-georgette-women-dress/p/A2212057,Polka Dots V-Neck Georgette Women Dress,Qurvii,A2212057,3495,,,https://images-magento.shoppersstop.com/pub/media/catalog/product/A2212057/A2212057_BLACK/A2212057_BLACK.jpg_2000Wx3000H
"Apr 19, 2026 @ 13:49:17.224",a554a0056478a452620eba7e06f335e7,https://www.shoppersstop.com/abstract-v-neck-georgette-women-dress/p/14080RED,Abstract V-Neck Georgette Women Dress,Qurvii,14080RED,3395,,,https://images-magento.shoppersstop.com/pub/media/catalog/product/14080RED/14080RED_RED/14080RED_RED.jpg_2000Wx3000H
"Apr 19, 2026 @ 13:49:17.236",dd60b5b5ad68c21b98cb2432a9bc484d,https://www.shoppersstop.com/printed-v-neck-polyester-women-dress/p/LA4133NAVYFL,Printed V-Neck Polyester Women Dress,Sera,LA4133NAVYFL,2394,,,https://images-magento.shoppersstop.com/pub/media/catalog/product/LA4133NAVYFL/LA4133NAVYFL_NAVY/LA4133NAVYFL_NAVY.jpg_2000Wx3000H
"Apr 19, 2026 @ 13:49:17.243",f651172d3c69b4f062af5c58b8abeb59,https://www.shoppersstop.com/animal-print-v-neck-georgette-women-dress/p/A24346DR50,Animal Print V-Neck Georgette Women Dress,FRATINI,A24346DR50,749,1499,,https://images-magento.shoppersstop.com/pub/media/catalog/product/A24346DR50/A24346DR50_BLACK/A24346DR50_BLACK.jpg_2000Wx3000H
"Apr 19, 2026 @ 13:49:17.257",93fb1ab624a8577e6b04889e28b166ff,https://www.shoppersstop.com/solid-sweetheart-neck-polyester-women-dress/p/N22WDRFR12111BK,Solid Sweetheart Neck Polyester Women Dress,Neudis,N22WDRFR12111BK,1999,,,https://images-magento.shoppersstop.com/pub/media/catalog/product/N22WDRFR12111BK/N22WDRFR12111BK_BLACK/N22WDRFR12111BK_BLACK.jpg_2000Wx3000H
"Apr 19, 2026 @ 13:49:17.321",48b32b8347dccb66923f852ff56ac8ab,https://www.shoppersstop.com/bandhani-v-neck-blended-fabric-women-dress/p/MMYMD86PD3,Bandhani V-Neck Blended Fabric Women Dress,Moomaya,MMYMD86PD3,924,2200,,https://images-magento.shoppersstop.com/pub/media/catalog/product/MMYMD86PD3/MMYMD86PD3_RED/MMYMD86PD3_RED.jpg_2000Wx3000H
"Apr 19, 2026 @ 13:49:17.344",c7d0dabb80e94632abdd84f9b6fda39b,https://www.shoppersstop.com/polka-dots-round-neck-cotton-women-dress/p/MMYLRMD6PD1,Polka Dots Round Neck Cotton Women Dress,Moomaya,MMYLRMD6PD1,1204,2800,,https://images-magento.shoppersstop.com/pub/media/catalog/product/MMYLRMD6PD1/MMYLRMD6PD1_WHITE/MMYLRMD6PD1_WHITE.jpg_2000Wx3000H
"Apr 19, 2026 @ 13:49:17.335",2ab1660bb7868660f10c02aebfaeaa62,https://www.shoppersstop.com/floral-v-neck-georgette-women-dress/p/MMYLRMD29PD3,Floral V-Neck Georgette Women Dress,Moomaya,MMYLRMD29PD3,748,2200,,https://images-magento.shoppersstop.com/pub/media/catalog/product/MMYLRMD29PD3/MMYLRMD29PD3_ORANGE/MMYLRMD29PD3_ORANGE.jpg_2000Wx3000H
"Apr 19, 2026 @ 13:49:17.359",6a77ecbcef224e6715904886f05d9f71,https://www.shoppersstop.com/floral-square-neck-polyester-women-dress/p/S22SERALA2873PI,Floral Square Neck Polyester Women Dress,Sera,S22SERALA2873PI,2998,,,https://images-magento.shoppersstop.com/pub/media/catalog/product/S22SERALA2873PI/S22SERALA2873PI_PINK/S22SERALA2873PI_PINK.jpg_2000Wx3000H
"Apr 19, 2026 @ 13:49:17.423",1bb13ca6f620046635038eed0f029745,https://www.shoppersstop.com/solid-v-neck-georgette-women-dress/p/18091NAVY,Solid V-Neck Georgette Women Dress,Qurvii,18091NAVY,4295,,,https://images-magento.shoppersstop.com/pub/media/catalog/product/18091NAVY/18091NAVY_NAVY/18091NAVY_NAVY.jpg_2000Wx3000H
"Apr 19, 2026 @ 13:49:17.436",9c8089b76a684611ab06dd427ab9322d,https://www.shoppersstop.com/printed-viscose-women-dress/p/A20SERALA2710BL,Printed Viscose Women Dress,Sera,A20SERALA2710BL,1294,,,https://images-magento.shoppersstop.com/pub/media/catalog/product/A20SERALA2710BL/A20SERALA2710BL_BLUE/A20SERALA2710BL_BLUE.jpg_2000Wx3000H
"Apr 19, 2026 @ 13:49:17.445",93337c6b46c7f55d0f75a1efd1f1eb5c,https://www.shoppersstop.com/printed-v-neck-blended-fabric-women-dress/p/S25346MUMDR201,Printed V-Neck Blended Fabric Women Dress,FRATINI,S25346MUMDR201,449,1499,,https://images-magento.shoppersstop.com/pub/media/catalog/product/S25346MUMDR201/S25346MUMDR201_BLACK/S25346MUMDR201_BLACK.jpg_2000Wx3000H
"Apr 19, 2026 @ 13:49:17.456",ec9352aa45a12d308d90a06a33f5f404,https://www.shoppersstop.com/solid-v-neck-satin-women-dress/p/N21WDRC11131WN,Solid V-Neck Satin Women Dress,Neudis,N21WDRC11131WN,1699,,,https://images-magento.shoppersstop.com/pub/media/catalog/product/N21WDRC11131WN/N21WDRC11131WN_BURGUNDY/N21WDRC11131WN_BURGUNDY.jpg_2000Wx3000H
"Apr 19, 2026 @ 13:49:17.518",aef1ff8cd4e81562e89d5e1b7a2c3b80,https://www.shoppersstop.com/solid-v-neck-satin-women-dress/p/A2213000,Solid V-Neck Satin Women Dress,Qurvii,A2213000,3795,,,https://images-magento.shoppersstop.com/pub/media/catalog/product/A2213000/A2213000_MAROON/A2213000_MAROON.jpg_2000Wx3000H
"Apr 19, 2026 @ 13:49:17.525",913ccaa0afc810b30b948418e267c721,https://www.shoppersstop.com/solid-v-neck-satin-women-dress/p/N21WDRC11130RD,Solid V-Neck Satin Women Dress,Neudis,N21WDRC11130RD,2199,,,https://images-magento.shoppersstop.com/pub/media/catalog/product/N21WDRC11130RD/N21WDRC11130RD_RED/N21WDRC11130RD_RED.jpg_2000Wx3000H
"Apr 19, 2026 @ 13:49:17.538",17420330314ab185a7c694e770bddca9,https://www.shoppersstop.com/floral-v-neck-polyester-women-dress/p/A21SERALA2710RE,Floral V-Neck Polyester Women Dress,Sera,A21SERALA2710RE,1494,,,https://images-magento.shoppersstop.com/pub/media/catalog/product/A21SERALA2710RE/A21SERALA2710RE_RED/A21SERALA2710RE_RED.jpg_2000Wx3000H
"Apr 19, 2026 @ 13:49:17.558",d7665261d38e3cbaa98299f780a977ec,https://www.shoppersstop.com/floral-v-neck-georgette-women-dress/p/18069RUST,Floral V-Neck Georgette Women Dress,Qurvii,18069RUST,3295,,,https://images-magento.shoppersstop.com/pub/media/catalog/product/18069RUST/18069RUST_RUST/18069RUST_RUST.jpg_2000Wx3000H
"Apr 19, 2026 @ 13:49:17.612",5a46abe7e82a7f26697c78ec1233042b,https://www.shoppersstop.com/printed-cotton-women-dress/p/S21JUN2486A,Printed Cotton Women Dress,Juniper,S21JUN2486A,1249,2499,,https://images-magento.shoppersstop.com/pub/media/catalog/product/S21JUN2486A/S21JUN2486A_BLACK/S21JUN2486A_BLACK.jpg_2000Wx3000H
"Apr 19, 2026 @ 13:49:17.627",4c07087500aba0ddb6fdbccb0e56f409,https://www.shoppersstop.com/solid-v-neck-georgette-women-dress/p/A2213043,Solid V-Neck Georgette Women Dress,Qurvii,A2213043,3695,,,https://images-magento.shoppersstop.com/pub/media/catalog/product/A2213043/A2213043_MAGENTA/A2213043_MAGENTA.jpg_2000Wx3000H
"Apr 19, 2026 @ 13:49:17.635",2c8dcdea96500ebac5e1d3bb3d07c82e,https://www.shoppersstop.com/solid-v-neck-polyester-women-dress/p/LA4203FUSHIA,Solid V-Neck Polyester Women Dress,Sera,LA4203FUSHIA,1694,,,https://images-magento.shoppersstop.com/pub/media/catalog/product/LA4203FUSHIA/LA4203FUSHIA_FUCHSIA/LA4203FUSHIA_FUCHSIA.jpg_2000Wx3000H
"Apr 19, 2026 @ 13:49:17.654",157e441a4f9f46a5a7d7e3ccb07fc6d7,https://www.shoppersstop.com/polka-dots-round-neck-linen-women-dress/p/MMYLRMD10PD6,Polka Dots Round Neck Linen Women Dress,Moomaya,MMYLRMD10PD6,1247,2900,,https://images-magento.shoppersstop.com/pub/media/catalog/product/MMYLRMD10PD6/MMYLRMD10PD6_PINK/MMYLRMD10PD6_PINK.jpg_1000Wx1500H
"Apr 19, 2026 @ 13:49:17.712",b316002d417b39f05894ff41373b818e,https://www.shoppersstop.com/floral-v-neck-rayon-women-dress/p/MMYMD113PD2,Floral V-Neck Rayon Women Dress,Moomaya,MMYMD113PD2,1260,3000,,https://images-magento.shoppersstop.com/pub/media/catalog/product/MMYMD113PD2/MMYMD113PD2_GREEN/MMYMD113PD2_GREEN.jpg_2000Wx3000H
"Apr 19, 2026 @ 13:49:17.726",98f267a684e1439af7834bd2de4c9d0f,https://www.shoppersstop.com/checks-polyester-women-dress/p/LA2850WHITECH,Checks Polyester Women Dress,Sera,LA2850WHITECH,1594,,,https://images-magento.shoppersstop.com/pub/media/catalog/product/LA2850WHITECH/LA2850WHITECH_WHITE/LA2850WHITECH_WHITE.jpg_2000Wx3000H
"Apr 19, 2026 @ 13:49:17.719",a089975ab09ec843135734ab93b0df2d,https://www.shoppersstop.com/printed-v-neck-blended-fabric-women-dress/p/MMYMD81PD1,Printed V-Neck Blended Fabric Women Dress,Moomaya,MMYMD81PD1,1386,2200,,https://images-magento.shoppersstop.com/pub/media/catalog/product/MMYMD81PD1/MMYMD81PD1_BLUE/MMYMD81PD1_BLUE.jpg_2000Wx3000H
"Apr 19, 2026 @ 13:49:17.744",a0620f1aa6475330d63cec7a86232ffd,https://www.shoppersstop.com/solid-v-neck-satin-women-dress/p/N21WDRC11131BK,Solid V-Neck Satin Women Dress,Neudis,N21WDRC11131BK,1699,,,https://images-magento.shoppersstop.com/pub/media/catalog/product/N21WDRC11131BK/N21WDRC11131BK_BLACK/N21WDRC11131BK_BLACK.jpg_2000Wx3000H
"Apr 19, 2026 @ 13:49:17.801",1f1c99c3c75b570617c286154e06dd46,https://www.shoppersstop.com/solid-collared-blended-fabric-women-dress/p/A24346DR66RS,Solid Collared Blended Fabric Women Dress,FRATINI,A24346DR66RS,849,1699,,https://images-magento.shoppersstop.com/pub/media/catalog/product/A24346DR66RS/A24346DR66RS_RUST/A24346DR66RS_RUST.jpg_1000Wx1500H
"Apr 19, 2026 @ 13:49:17.808",749cf3ff879354a8ccefac852b4d2c9d,https://www.shoppersstop.com/abstract-v-neck-georgette-women-dress/p/14075BLACK,Abstract V-Neck Georgette Women Dress,Qurvii,14075BLACK,2895,,,https://images-magento.shoppersstop.com/pub/media/catalog/product/14075BLACK/14075BLACK_BLACK/14075BLACK_BLACK.jpg_2000Wx3000H
"Apr 19, 2026 @ 13:49:17.832",96412fe87d19c44e792afa8e667d1909,https://www.shoppersstop.com/textured-round-neck-rayon-women-dress/p/MMYLRMD137PD4,Textured Round Neck Rayon Women Dress,Moomaya,MMYLRMD137PD4,918,2700,,https://images-magento.shoppersstop.com/pub/media/catalog/product/MMYLRMD137PD4/MMYLRMD137PD4_BLACK/MMYLRMD137PD4_BLACK.jpg_2000Wx3000H
"Apr 19, 2026 @ 13:49:17.843",7475184cca1b9b805646c43bab5d1a1d,https://www.shoppersstop.com/printed-round-neck-polyester-women-dress/p/LA4132RED,Printed Round Neck Polyester Women Dress,Sera,LA4132RED,2278,,,https://images-magento.shoppersstop.com/pub/media/catalog/product/LA4132RED/LA4132RED_RED/LA4132RED_RED.jpg_2000Wx3000H
