product_name,brand,selling_price,list_price,discount_percentage,rating,num_reviews,size,color,description,sku
"Men’s Oversized Cotton Printed T-Shirt, Formal Round-Neck T-Shirt for Men, Graphic Print Tshirts for Boy, Casual Tshirt for Boys",Enitor,299,,80,2.5,7,XL,Beige&Black2,,
"Men’s Oversized Cotton Printed T-Shirt, Formal Round-Neck T-Shirt for Men, Graphic Print Tshirts for Boy, Casual Tshirt for Boys",Enitor,297,1499,80,2.5,2,XL,Beige & Brown,,B0GJDQDGJ4
"Men’s Oversized Cotton Printed T-Shirt, Formal Round-Neck T-Shirt for Men, Graphic Print Tshirts for Boy, Casual Tshirt for Boys",Enitor,297,,80,2.5,7,XL,Beige & Brown,,
"Men’s Oversized Cotton Printed T-Shirt, Formal Round-Neck T-Shirt for Men, Graphic Print Tshirts for Boy, Casual Tshirt for Boys",Enitor,299,1499,80,2.5,2,XL,Beige & Black,,B0GJDLFPT6
LEOTUDE Men's Half Sleeve Round Neck Cottonblend Graphic Print Oversized Tshirt for Man,LEOTUDE Store,478,,57,4.0,605,XL,Multicolour2,,
LEOTUDE Men's Half Sleeve Round Neck Cottonblend Graphic Print Oversized Tshirt for Man,LEOTUDE,293,1099,73,4.0,4,XL,Navy Blue,,B0FHDJZFJN
LEOTUDE Men's Half Sleeve Round Neck Cottonblend Graphic Print Oversized Tshirt for Man,LEOTUDE Store,798,,50,4.0,605,XL,Multicolour6,,
LEOTUDE Men's Half Sleeve Round Neck Cottonblend Graphic Print Oversized Tshirt for Man,LEOTUDE Store,478,,57,4.0,605,XL,Multicolour5,,
LEOTUDE Men's Half Sleeve Round Neck Cottonblend Graphic Print Oversized Tshirt for Man,LEOTUDE,293,1099,73,4.0,4,XL,Navy Blue,,B0FHDJZFJN
Lux Cozi Men's Half Sleeve Soild Casual Regular Fit T-Shirt with Chest Pocket | Polo Tshirt for Men,Lux Cozi Store,395,,0,4.0,3012,M,Black,,
Trillion Jaqquard Men's Polo T Shirt for Men (Polyester Blend | Regular Fit),Trillion,379,1999,81,3.5,3,L,White,,B0F55TDJDM
Lux Cozi Men's Half Sleeve Soild Casual Regular Fit T-Shirt with Chest Pocket | Polo Tshirt for Men,Lux Cozi Store,395,,0,4.0,3012,M,Maroon,,
Lux Cozi Men's Half Sleeve Soild Casual Regular Fit T-Shirt with Chest Pocket | Polo Tshirt for Men,Lux Cozi,417,419,0,4.0,4,M,Mint Green,,B0CVXQC368
"Allen Solly Men’s Polo T‑Shirt | Comfortable Rich Cotton Blend, Band Collar, Regular Fit | Stylish & Premium All Day Wear",Allen Solly,593,1799,0,4.1,80818,XL,Jet Black,Allen Solly Men's Plain Regular Fit Polo,B06Y2CH63N
Lux Cozi Men's Half Sleeve Soild Casual Regular Fit T-Shirt with Chest Pocket | Polo Tshirt for Men,Lux Cozi,417,419,0,4.0,4,M,Mint Green,,B0CVXQC368
"Allen Solly Men’s Polo T‑Shirt | Comfortable Rich Cotton Blend, Band Collar, Regular Fit | Stylish & Premium All Day Wear",Allen Solly Store,629,,43,4.1,80888,XL,LILAC,,
"Allen Solly Men’s Polo T‑Shirt | Comfortable Rich Cotton Blend, Band Collar, Regular Fit | Stylish & Premium All Day Wear",Allen Solly,679,1099,38,4.1,4,XL,Sea Green,,B06Y2FHGP4
"Allen Solly Men’s Polo T‑Shirt | Comfortable Rich Cotton Blend, Band Collar, Regular Fit | Stylish & Premium All Day Wear",Allen Solly Store,629,,43,4.1,80888,XL,Jet Black,,
Lux Cozi Men's Half Sleeve Soild Casual Regular Fit T-Shirt with Chest Pocket | Polo Tshirt for Men,Lux Cozi Store,395,,0,4.0,3012,XL,Emerald,,
Lux Cozi Men's Half Sleeve Soild Casual Regular Fit T-Shirt with Chest Pocket | Polo Tshirt for Men,Lux Cozi Store,395,,0,4.0,3012,XL,Black Melange,,
Lux Cozi Men's Half Sleeve Soild Casual Regular Fit T-Shirt with Chest Pocket | Polo Tshirt for Men,Lux Cozi,417,439,5,4.0,4,XL,Apricat,,B0CVXRD7BF
Lux Cozi Men's Cotton Regular Fit Polo T-Shirt,Lux Cozi Store,373,,11,3.9,7653,XL,Grey Melange,,
Lux Cozi Men's Half Sleeve Soild Casual Regular Fit T-Shirt with Chest Pocket | Polo Tshirt for Men,Lux Cozi,395,333,0,4.0,4,XL,Oxford Blue,,B0CVXR16HQ
Lux Cozi Men's Cotton Regular Fit Polo T-Shirt,Lux Cozi Store,380,,0,3.9,7653,XL,Apricot,,
Lux Cozi Men's Cotton Regular Fit Polo T-Shirt,Lux Cozi Store,380,,0,3.9,7653,XL,Black,,
Lux Cozi Men's Cotton Regular Fit Polo T-Shirt,Lux Cozi Store,373,,11,3.9,7653,XL,Grey Melange,,
Lux Cozi Men's Cotton Regular Fit Polo T-Shirt,Lux Cozi,370,380,3,3.9,3,XL,Ink Blue,,B0C96V7X1F
BULLMER Trendy Half Sleeve Oversized Cotton Blend Crew Neck Tshirt for Men - Pack of 2,BULLMER Store,499,,83,3.3,244,S,Beige/Denim Black,,
BULLMER Trendy Half Sleeve Oversized Cotton Blend Crew Neck Tshirt for Men - Pack of 2,BULLMER,449,999,0,3.3,233,M,Navy Blue/Brown,,B0FH5CB3L4
BULLMER Trendy Half Sleeve Oversized Cotton Blend Crew Neck Tshirt for Men - Pack of 2,BULLMER Store,519,,83,3.3,244,L,Olive/Denim Black,,
Peter England Men's Regular Fit Insignia Half Sleeve Polo T-Shirt | Cotton Rich | Premium Pique Weave,Peter England,1409,2199,0,4.0,3294,M,Adrenaline Red,"Soft handfeel ensures all-day comfort. Made from premium piqué fabric for breathability and texture. Features double tipping on the collar for a sporty, stylish finish. Cotton-rich blend offers natural softness with added durability. Crafted with superior attention to detail for a refined fit and finish.",B09XMW5LWR
BULLMER Trendy Half Sleeve Oversized Cotton Blend Crew Neck Tshirt for Men - Pack of 2,BULLMER,499,2998,83,3.3,3,S,Beige/Denim Black,,B0FH5DDR9N
Peter England Men's Regular Fit Insignia Half Sleeve Polo T-Shirt | Cotton Rich | Premium Pique Weave,Peter England Store,699,,36,4.0,3332,M,Grey,,
Peter England Men's Regular Fit Insignia Half Sleeve Polo T-Shirt | Cotton Rich | Premium Pique Weave,Peter England,629,1099,43,4.0,4,M,Forest green,,B09XMTQL9W
"KAJARU Men's Waffle Knit Polo T-Shirt, Short Sleeve, Zip Collar with White Trim (POLO-8034)",KAJARU Store,279,,72,4.3,411,M,OFFWHITE,,
Peter England Men's Regular Fit Insignia Half Sleeve Polo T-Shirt | Cotton Rich | Premium Pique Weave,Peter England,629,1099,43,4.0,4,M,Forest green,,B09XMTQL9W
"KAJARU Men's Waffle Knit Polo T-Shirt, Short Sleeve, Zip Collar with White Trim (POLO-8034)",KAJARU,319,999,68,4.3,4,M,CHIKU,,B0FFMSNN2Q
"KAJARU Men's Waffle Knit Polo T-Shirt, Short Sleeve, Zip Collar with White Trim (POLO-8034)",KAJARU Store,349,,65,4.3,411,M,COFFEE,,
boffi ... 100% Cotton Oversized T-Shirt Unisex Drop Shoulder Dye Washed Street Look Black Pack of 1,boffi ... Store,308,,61,3.6,1202,L,BLACK,,
"KAJARU Men's Waffle Knit Polo T-Shirt, Short Sleeve, Zip Collar with White Trim (POLO-8034)",KAJARU,349,999,65,4.3,4,M,SKYBLUE,,B0FFMVZM2J
boffi ... 100% Cotton Oversized T-Shirt Unisex Drop Shoulder Dye Washed Street Look Black Pack of 1,boffi ... Store,350,,65,3.6,1202,L,666 OPTICAL,,
boffi ... 100% Cotton Oversized T-Shirt Unisex Drop Shoulder Dye Washed Street Look Black Pack of 1,boffi ... Store,360,,64,3.6,1202,L,OPTICAL BLOODLINE,,
boffi ... 100% Cotton Oversized T-Shirt Unisex Drop Shoulder Dye Washed Street Look Black Pack of 1,boffi ...,360,999,64,3.6,3,L,ACID BLOODLINE,,B0GPX2THHP
Lymio Polo T Shirt for Men || T Shirt for Man || Collar T Shirt Style Men (Packs Also Available) (Polo-40-43),Lymio Store,429,,86,3.4,365,XL,Beige,,
boffi ... 100% Cotton Oversized T-Shirt Unisex Drop Shoulder Dye Washed Street Look Black Pack of 1,boffi ...,308,799,61,3.6,3,L,BLACK,,B0DNBHD29T
Lymio Polo T Shirt for Men || T Shirt for Man || Collar T Shirt Style Men (Packs Also Available) (Polo-40-43),Lymio Store,429,,86,3.4,365,XL,Green,,
Lymio Polo T Shirt for Men || T Shirt for Man || Collar T Shirt Style Men (Packs Also Available) (Polo-40-43),Lymio,429,2999,86,3.4,3,XL,Blue,,B0DP7QKJ1H
Van Heusen Men's Cotton Solid Regular Fit Collar Polo T-Shirt,Van Heusen Store,648,,41,4.0,44254,L,Nautical,,
Lymio Polo T Shirt for Men || T Shirt for Man || Collar T Shirt Style Men (Packs Also Available) (Polo-40-43),Lymio,749,2999,75,3.4,3,XL,SkyBlue-Pista,,B0F9SXWW3G
Lymio Polo T Shirt for Men || T Shirt for Man || Collar T Shirt Style Men (Packs Also Available) (Polo-40-43),Lymio,429,2999,86,3.4,3,XL,Beige,,B0DP7P4KVT
Van Heusen Men's Cotton Solid Regular Fit Collar Polo T-Shirt,Van Heusen,699,,0,4.0,43462,L,Nautical,"The minimal detailing, flattering fit and fine cotton fabric ensure it will be a weekend favorite.",B076CMJXML
"London Hills Men’s Waffle Textured T-Shirt | Solid Regular Fit Round Neck Half Sleeve Casual Wear Tee | Soft, Breathable & Lightweight Fabric",London Hills Store,269,,79,3.9,26,M,Brown,,
Van Heusen Men's Cotton Solid Regular Fit Collar Polo T-Shirt,Van Heusen,679,899,24,4.0,4,L,Cardinal Red,,B07HJBND9G
"London Hills Men’s Waffle Textured T-Shirt | Solid Regular Fit Round Neck Half Sleeve Casual Wear Tee | Soft, Breathable & Lightweight Fabric",London Hills Store,269,,79,3.9,26,M,Black,,
"London Hills Men’s Waffle Textured T-Shirt | Solid Regular Fit Round Neck Half Sleeve Casual Wear Tee | Soft, Breathable & Lightweight Fabric",London Hills Store,269,,79,3.9,26,M,Beige,,
"London Hills Men’s Waffle Textured T-Shirt | Solid Regular Fit Round Neck Half Sleeve Casual Wear Tee | Soft, Breathable & Lightweight Fabric",London Hills,269,1299,79,3.9,3,M,Pista_Green,,B0GBXS7QPP
Scott International Men's Regular Fit T-Shirt,Scott International,249,,64,3.7,43030,M,Maroon Melange - Pack of 1,,
Scott International Men's Regular Fit T-Shirt,Scott International,249,699,64,3.7,3,M,Black - Pack of 1,,B0DM53T1JC
Amazon Brand - Symbol Men's Cotton Rich Solid Polo Tshirt | Collar Tshirts | Half Sleeves | Plain-Regular Fit (Available in Plus Sizes and Combo Pack of 2),Amazon Brand - Symbol,399,1099,64,3.9,3,M,Fog Teal,,B07MZKNLGF
Amazon Brand - Symbol Men's Cotton Rich Solid Polo Tshirt | Collar Tshirts | Half Sleeves | Plain-Regular Fit (Available in Plus Sizes and Combo Pack of 2),Amazon Brand - Symbol,399,,64,3.9,38402,M,Fog Teal,,
Amazon Brand - Symbol Men's Cotton Rich Solid Polo Tshirt | Collar Tshirts | Half Sleeves | Plain-Regular Fit (Available in Plus Sizes and Combo Pack of 2),Amazon Brand - Symbol,399,1099,64,3.9,3,M,Bright Blue,,B0FV34L64Z
KAJARU Men's Polyester Blend T Shirt with Spread Collar Neck Line Zipper Closure Full Sleeves Solid Pattern Regular Fit and Standard Length,KAJARU Store,309,,69,4.1,682,XL,BLACK,,
KAJARU Men's Polyester Blend T Shirt with Spread Collar Neck Line Zipper Closure Full Sleeves Solid Pattern Regular Fit and Standard Length,KAJARU,,,0,4.1,668,XL,COFFEE,,B0FFMBJ1J2
KAJARU Men's Polyester Blend T Shirt with Spread Collar Neck Line Zipper Closure Full Sleeves Solid Pattern Regular Fit and Standard Length,KAJARU Store,349,,65,4.1,682,2XL,OFFWHITE,,
KAJARU Men's Polyester Blend T Shirt with Spread Collar Neck Line Zipper Closure Full Sleeves Solid Pattern Regular Fit and Standard Length,KAJARU Store,349,,65,4.1,682,XL,ONIONPINK,,
KAJARU Men's Polyester Blend T Shirt with Spread Collar Neck Line Zipper Closure Full Sleeves Solid Pattern Regular Fit and Standard Length,KAJARU Store,345,,65,4.1,682,2XL,SKYBLUE,,
Lymio Polo T Shirt for Men || T Shirt for Man || Collar T Shirt Style Men (Packs Also Available) (Polo-51-54),Lymio Store,449,,85,3.3,64,2XL,Black,,
KAJARU Men's Polyester Blend T Shirt with Spread Collar Neck Line Zipper Closure Full Sleeves Solid Pattern Regular Fit and Standard Length,KAJARU,309,999,69,4.1,4,XL,COFFEE,,B0FFMBJ1J2
Lymio Polo T Shirt for Men || T Shirt for Man || Collar T Shirt Style Men (Packs Also Available) (Polo-51-54),Lymio Store,849,,86,3.3,64,2XL,Black-OliveGreen,,
Lymio Polo T Shirt for Men || T Shirt for Man || Collar T Shirt Style Men (Packs Also Available) (Polo-51-54),Lymio Store,449,,85,3.3,64,2XL,Olivegreen,,
Lymio Polo T Shirt for Men || T Shirt for Man || Collar T Shirt Style Men (Packs Also Available) (Polo-51-54),Lymio Store,449,,85,3.3,64,2XL,Olivegreen,,
Lymio Polo T Shirt for Men || T Shirt for Man || Collar T Shirt Style Men (Packs Also Available) (Polo-51-54),Lymio,449,2999,85,3.3,3,2XL,Blue,,B0DRFLF2XY
TAGDO® Men's Jacquard Chain Polo Shirt || Tshirt for Man || Mens Tshirt (2020),TAGDO Store,399,,75,4.0,1226,M,White,,
TAGDO® Men's Jacquard Chain Polo Shirt || Tshirt for Man || Mens Tshirt (2020),TAGDO,399,1599,75,4.0,4,M,White,,B0DJRBQ485
Van Heusen Men's Cotton Solid Regular Fit Collar Polo T-Shirt,Van Heusen Store,679,,38,4.0,44254,XL,Cardinal Red,,
Van Heusen Men's Cotton Solid Regular Fit Collar Polo T-Shirt,Van Heusen,679,1099,38,4.0,4,XL,Grey Mélange,,B076CJMH9V
BULLMER Trendy Printed Cotton Blend Crew Neck/Round Neck Half Sleeve Tshirt for Men - Pack of 3,BULLMER Store,559,,81,3.7,1899,M,Brick/Bluish Grey/Navy Blue,,
BULLMER Trendy Printed Cotton Blend Crew Neck/Round Neck Half Sleeve Tshirt for Men - Pack of 3,BULLMER Store,559,,81,3.7,1899,M,Navy Blue/Purple/Beige,,
Van Heusen Men's Cotton Solid Regular Fit Collar Polo T-Shirt,Van Heusen,679,1099,38,4.0,4,XL,Grey Mélange,,B076CJMH9V
Peter England Men's Regular Fit Insignia Half Sleeve Polo T-Shirt | Cotton Rich | Premium Pique Weave,Peter England,909,3099,0,4.0,3329,L,Gibraltar Sea,"Soft handfeel ensures all-day comfort. Made from premium piqué fabric for breathability and texture. Features double tipping on the collar for a sporty, stylish finish. Cotton-rich blend offers natural softness with added durability. Crafted with superior attention to detail for a refined fit and finish.",B09XMTQLB1
BULLMER Trendy Printed Cotton Blend Crew Neck/Round Neck Half Sleeve Tshirt for Men - Pack of 3,BULLMER,559,2997,81,3.7,3,M,Black/Beige/Brick,,B0DJYJ2S94
Peter England Men's Regular Fit Insignia Half Sleeve Polo T-Shirt | Cotton Rich | Premium Pique Weave,Peter England Store,629,,43,4.0,3332,L,Forest green,,
Peter England Men's Regular Fit Insignia Half Sleeve Polo T-Shirt | Cotton Rich | Premium Pique Weave,Peter England,699,1099,36,4.0,4,L,Adrenaline Red,,B09XMWFF8Y
Peter England Men's Regular Fit Insignia Half Sleeve Polo T-Shirt | Cotton Rich | Premium Pique Weave,Peter England Store,699,,36,4.0,3332,L,Grey,,
Peter England Men's Regular Fit Insignia Half Sleeve Polo T-Shirt | Cotton Rich | Premium Pique Weave,Peter England,699,1099,36,4.0,4,L,Gibraltar Sea,,B09XMTQLB1
Peter England Men's Everyday Solid Regular Fit Polo | Cotton Rich | Premium Pique Weave,Peter England Store,839,,35,4.0,1141,M,White,,
Peter England Men's Everyday Solid Regular Fit Polo | Cotton Rich | Premium Pique Weave,Peter England Store,839,,35,4.0,1141,M,Navy,,
Peter England Men's Everyday Solid Regular Fit Polo | Cotton Rich | Premium Pique Weave,Peter England Store,755,,42,4.0,1141,M,Black,,
Peter England Men's Everyday Solid Regular Fit Polo | Cotton Rich | Premium Pique Weave,Peter England,1289,,0,4.0,1127,M,White,"Enhance your everyday style with the Peter England Everyday Polo T-shirt, designed for the modern man who values both comfort and sophistication. Made from a premium blend of 60% cotton and 40% polyester, this polo features a durable pique weave that promises lasting quality. The stylish collar tipping and half-sleeve design add a refined touch, while the soft handfeel ensures all-day comfort. Versatile and effortlessly stylish, this polo is perfect for any occasion, whether you're out for a casual day or looking to make a statement. Add this timeless essential to your wardrobe and experience the perfect balance of luxury and ease.",B0C1RXQBMW
Peter England Men's Everyday Solid Regular Fit Polo | Cotton Rich | Premium Pique Weave,Peter England Store,,,0,4.0,1141,M,Maroon,,
Van Heusen Men's Cotton Solid Regular Fit Collar Polo T-Shirt,Van Heusen Store,699,1799,0,4.0,43418,L,White,"The minimal detailing, flattering fit and fine cotton fabric ensure it will be a weekend favorite.",
Van Heusen Men's Cotton Solid Regular Fit Collar Polo T-Shirt,Van Heusen Store,648,,41,4.0,44254,L,Black,,
Van Heusen Men's Cotton Solid Regular Fit Collar Polo T-Shirt,Van Heusen,679,1099,38,4.0,4,L,Blue,,B076CJMH93
Van Heusen Men's Cotton Solid Regular Fit Collar Polo T-Shirt,Van Heusen Store,648,,41,4.0,44254,L,Cream,,
Van Heusen Men's Cotton Solid Regular Fit Collar Polo T-Shirt,Van Heusen,679,899,24,4.0,4,L,Cardinal Red,,B07HJBND9G
London Hills Men's Solid Cotton T Shirt | Round Neck | Half Sleeve | Plain-Regular Fit | Men's Super Combed Cotton Rich Solid Round Neck Regular Fit Half Sleeve T-Shirt Pack of 3,London Hills Store,486,,88,3.8,3930,L,"Dark Blue, Dark Grey And Grey",,
London Hills Men's Solid Cotton T Shirt | Round Neck | Half Sleeve | Plain-Regular Fit | Men's Super Combed Cotton Rich Solid Round Neck Regular Fit Half Sleeve T-Shirt Pack of 3,London Hills,489,3897,87,3.8,3,L,"Black,Blue,Mustard",,B07YBQMD7J
London Hills Men's Solid Cotton T Shirt | Round Neck | Half Sleeve | Plain-Regular Fit | Men's Super Combed Cotton Rich Solid Round Neck Regular Fit Half Sleeve T-Shirt Pack of 3,London Hills Store,485,,88,3.8,3930,L,"Dark Blue, Black, White",,
London Hills Men's Solid Cotton T Shirt | Round Neck | Half Sleeve | Plain-Regular Fit | Men's Super Combed Cotton Rich Solid Round Neck Regular Fit Half Sleeve T-Shirt Pack of 3,London Hills,485,3897,88,3.8,3,L,"Dark Blue, Dark Grey, White",,B07FLT2Z78
Van Heusen Men's Cotton Solid Regular Fit Collar Polo T-Shirt,Van Heusen Store,679,,38,4.0,44254,L,Blue,,
Van Heusen Men's Cotton Solid Regular Fit Collar Polo T-Shirt,Van Heusen,679,1099,38,4.0,4,L,Purple,,B07HJGNSR6
Van Heusen Men's Cotton Solid Regular Fit Collar Polo T-Shirt,Van Heusen,648,1099,41,4.0,4,L,Cream,,B076CKDCJP
XYXX Men's Nova 100% Combed Cotton Regular Fit Polo T-Shirt,XYXX,1288,758,0,4.0,390,L,Black,"The Element Polo t-shirt has been carefully crafted to give you a wardrobe classic that will stay with you for years to come. The clean design, subtle detailing and super-soft fabric make it a go-to option for everyday wear. Element comes crafted from the breathable yet utterly smooth super combed cotton fabric for a comfortable feel all day. We enhanced it with IntelliEaze technology for the most luxurious comfort that guarantees unmatched lightness, softness and breathability. These tagless designs feature ribbed cuffs and a ribbed collar with a button-down detail for refined appeal, while the unique honeycomb texture renders extra breathability. From days at the office to nights at the bar, this versatile t-shirt is sure to leave a lasting impression everywhere you go.",B0CBBDFY31
XYXX Men's Nova 100% Combed Cotton Regular Fit Polo T-Shirt,XYXX,599,699,14,3.7,3,L,Misty Lilac,,B0CZL9H7J5
XYXX Men's Nova 100% Combed Cotton Regular Fit Polo T-Shirt,XYXX,599,699,14,3.7,3,L,Mocha Brown,,B0CZL7R85Z
Jockey 2714 Men's Super Combed Cotton Rich Solid Round Neck Half Sleeve T-Shirt,Jockey Store,579,,0,4.2,21295,L,Wine Tasting,,
Jockey 2714 Men's Super Combed Cotton Rich Solid Round Neck Half Sleeve T-Shirt,Jockey Store,,,0,4.2,21295,L,Charcoal Melange,,
Jockey 2714 Men's Super Combed Cotton Rich Solid Round Neck Half Sleeve T-Shirt,Jockey Store,583,,3,4.2,21295,L,Brown Sugar,,
Louis Philippe Men's Slim Fit 24s Single-Tuck Pique Stylized Sleeve Print and Contrast Tipping Half Sleeve Solid Polo Cotton T-Shirt,Louis Philippe Store,704,,53,4.0,940,L,Navy,,
Jockey 2714 Men's Super Combed Cotton Rich Solid Round Neck Half Sleeve T-Shirt,Jockey,579,,0,4.2,4,L,Balsam Green,,B0BSTZC8JV
Louis Philippe Men's Slim Fit 24s Single-Tuck Pique Stylized Sleeve Print and Contrast Tipping Half Sleeve Solid Polo Cotton T-Shirt,Louis Philippe,799,1499,47,4.0,4,L,Green,,B0D4VNTW3F
Louis Philippe Men's Slim Fit 24s Single-Tuck Pique Stylized Sleeve Print and Contrast Tipping Half Sleeve Solid Polo Cotton T-Shirt,Louis Philippe,999,1599,0,4.0,940,L,Pink,"Make an effortless casual style statement with this Louis Philippe Polo T-shirt for Men. Crafted from premim cotton material, it assures maximum comfort for hours on the go. Perfect for any casual occasion, this t-shirt features a classic polo neck that adds a touch of sophistication to your ensemble. Grab yours today and elevate your wardrobe with this luxurious fashion statement.",B0D4VNTTHM
Louis Philippe Men's Slim Fit 24s Single-Tuck Pique Stylized Sleeve Print and Contrast Tipping Half Sleeve Solid Polo Cotton T-Shirt,Louis Philippe Store,704,,53,4.0,940,L,Navy,,
Louis Philippe Men's Slim Fit 24s Single-Tuck Pique Stylized Sleeve Print and Contrast Tipping Half Sleeve Solid Polo Cotton T-Shirt,Louis Philippe Store,704,,53,4.0,940,L,Navy,,
LEOTUDE Men's Matty Regular Fit Plain Polo T-Shirt,LEOTUDE Store,298,,73,3.7,3378,L,Maron_Black,,
adidas Men T-Shirt,adidas Store,749,,38,4.0,2676,L,SCARLE,,
LEOTUDE Men's Matty Regular Fit Plain Polo T-Shirt,LEOTUDE,799,1679,73,3.7,3,L,Multiple Color,,B08L9HL57L
LEOTUDE Men's Matty Regular Fit Plain Polo T-Shirt,LEOTUDE,298,1499,0,3.7,3378,L,Multiple Color,"LEOTUDE ""A Style Of Every Story"" About the brand : We believe there is A Style For Every Story and so introduce the colourful trendy texture of fashion for all generations in an extremely fashionable wardrobe collection. Our motto is to build customer's trust by providing trending and fashionable products made of the best materials at genuine rates from the market. We are one of the leading Indian online garment brands offering an exclusive range of latest and trending fashions in men’s/women's category. Leotude provides ultimate fashion and trending design meticulously crafted with matty fabric. We use premium quality cotton for manufacturing our products with bio-washed fabric for bright colour and extra softness which gives our customer a perfect comfort and style. Ideal casual wear for each and every single occasion like outing, daily wear, office wear, casual wear, picnic, birthday parties, hang out etc. Can be an ideal gift for your friends and family. Disclaimer: Images are just for reference, slight variation in colour is possible in the actual product due to lights used in photography or your screen resolution. Please follow wash-care instructions for long lasting us",B08L9HL57L
LEOTUDE Men's Matty Regular Fit Plain Polo T-Shirt,LEOTUDE Store,298,,73,3.7,3378,L,Maroon,,
adidas Men T-Shirt,adidas Store,759,,37,4.0,2676,L,BLACK,,
adidas Men T-Shirt,adidas Store,729,,39,4.0,2676,L,BOONIX,,
adidas Men T-Shirt,adidas Store,674,,44,4.0,2676,L,WHITE,,
adidas Men T-Shirt,adidas,674,1199,44,4.0,4,L,CONAVY,,B07XPW74QV
Van Heusen Men's Cotton Solid Regular Fit Collar Polo T-Shirt,Van Heusen Store,679,,38,4.0,44254,L,Blue,,
Van Heusen Men's Cotton Solid Regular Fit Collar Polo T-Shirt,Van Heusen,648,1099,41,4.0,4,L,Black,,B076CHQJZP
Van Heusen Men's Cotton Solid Regular Fit Collar Polo T-Shirt,Van Heusen Store,679,,38,4.0,44254,L,Brown,,
Van Heusen Men's Cotton Solid Regular Fit Collar Polo T-Shirt,Van Heusen Store,679,,38,4.0,44254,L,Fern,,
Van Heusen Men's Cotton Solid Regular Fit Collar Polo T-Shirt,Van Heusen,648,1099,41,4.0,4,L,Black,,B076CHQJZP
Peter England Men's Cotton Regular Fit Polo T-Shirt,Peter England,809,1399,42,4.0,4,L,Light Blue,,B0C1RXMK5W
U.S. Polo ASSN. Men's Cotton Regular Fit T-Shirt,U.S. Polo Assn.,699,,0,3.9,3,L,BLACK,,B0793LFJZM
"Allen Solly Men’s Polo T‑Shirt | Comfortable Rich Cotton Blend, Band Collar, Regular Fit | Stylish & Premium All Day Wear",Allen Solly Store,,,0,4.1,80888,M,Indigo Melange,,
U.S. Polo ASSN. Men's Cotton Regular Fit T-Shirt,U.S. Polo Assn.,552,699,21,3.9,3,L,DUSTY BLUE,,B0BT1TY43X
"Allen Solly Men’s Polo T‑Shirt | Comfortable Rich Cotton Blend, Band Collar, Regular Fit | Stylish & Premium All Day Wear",Allen Solly,629,1099,43,4.1,4,M,Coral,,B06Y2DTKMC
"Allen Solly Men’s Polo T‑Shirt | Comfortable Rich Cotton Blend, Band Collar, Regular Fit | Stylish & Premium All Day Wear",Allen Solly,679,1099,38,4.1,4,M,LILAC,,B0D6YH7STH
Amazon Brand - Symbol Men's Cotton Rich Striped Polo Tshirts | Collar Tshirts | Half Sleeves - Regular Fit (Available in Plus Sizes),Amazon Brand - Symbol,449,,65,3.9,11516,XL,Pomegrante and Peacot Blue,,
"Allen Solly Men’s Polo T‑Shirt | Comfortable Rich Cotton Blend, Band Collar, Regular Fit | Stylish & Premium All Day Wear",Allen Solly,679,228,38,4.1,4,XL,Coffee Melange,,B06Y277HHR
Amazon Brand - Symbol Men's Cotton Rich Striped Polo Tshirts | Collar Tshirts | Half Sleeves - Regular Fit (Available in Plus Sizes),Amazon Brand - Symbol,449,,65,3.9,11516,XL,Pomegrante and Peacot Blue,,
Amazon Brand - Symbol Men's Cotton Rich Striped Polo Tshirts | Collar Tshirts | Half Sleeves - Regular Fit (Available in Plus Sizes),Amazon Brand - Symbol,449,,65,3.9,11516,XL,Glazed Ginger and Estate Blue,,
"Allen Solly Men’s Polo T‑Shirt | Comfortable Rich Cotton Blend, Band Collar, Regular Fit | Stylish & Premium All Day Wear",Allen Solly,629,1099,43,4.1,4,XL,Coffee Melange,,B06Y277HHR
Amazon Brand - Symbol Men's Cotton Rich Striped Polo Tshirts | Collar Tshirts | Half Sleeves - Regular Fit (Available in Plus Sizes),Amazon Brand - Symbol,449,,72,3.9,11516,XL,Mid Grey and White,,
Amazon Brand - Symbol Men's Cotton Rich Striped Polo Tshirts | Collar Tshirts | Half Sleeves - Regular Fit (Available in Plus Sizes),Amazon Brand - Symbol,449,1299,65,3.9,3,XL,Light Sky & Iris Navy,,B081BCMTCH
Amazon Brand - Symbol Men's Cotton Rich Striped Polo Tshirts | Collar Tshirts | Half Sleeves - Regular Fit (Available in Plus Sizes),Amazon Brand - Symbol,449,,65,3.9,11516,XL,Pomegrante and Peacot Blue,,
U.S. Polo ASSN. Men's Cotton Regular Fit Comfort Fit Brand Print I683 T-Shirt - Pack of 1,U.S. Polo Assn.,656,899,27,4.0,4,L,Red,,B0819ZVB7W
U.S. Polo ASSN. Men's Cotton Regular Fit Comfort Fit Brand Print I683 T-Shirt - Pack of 1,U.S. Polo Assn.,799,,0,4.0,4,L,TRUE BLUE,,B0819ZV8FY
U.S. Polo ASSN. Men's Cotton Regular Fit Comfort Fit Brand Print I683 T-Shirt - Pack of 1,U.S. Polo Assn.,656,899,27,4.0,4,L,WHITE,,B0819ZF6DY
LEOTUDE Trendy Half Sleeve Oversized Cotton Blend Crew Neck Tshirt for Men t (FS49_Purple_CHILL_P_Purple),LEOTUDE Store,298,,73,4.0,46,3XL,Purple,,
LEOTUDE Trendy Half Sleeve Oversized Cotton Blend Crew Neck Tshirt for Men t (FS49_Purple_CHILL_P_Purple),LEOTUDE Store,298,,73,4.0,46,3XL,Purple,,
U.S. Polo ASSN. Men's Cotton Regular Fit Comfort Fit Brand Print I683 T-Shirt - Pack of 1,U.S. Polo Assn.,719,899,20,4.0,4,L,DENIM MELANGE,,B081B12P6C
Peter England Men's Snug Fit Solid Polo T-Shirt with Coloured Collar Tipping| Cotton Rich| Premium Pique Weave,Peter England Store,649,,35,4.0,2750,M,Lilac,,
U.S. Polo ASSN. Men's Cotton Regular Fit T-Shirt,U.S. Polo Assn. Store,561,,25,4.0,9689,2XL,WHITE,,
Peter England Men's Snug Fit Solid Polo T-Shirt with Coloured Collar Tipping| Cotton Rich| Premium Pique Weave,Peter England,583,,42,4.0,4,M,Light Green,,B0C1RY5NTM
U.S. Polo ASSN. Men's Cotton Regular Fit T-Shirt,U.S. Polo Assn. Store,,,0,4.0,9689,2XL,BURGUNDY MEL,,
U.S. Polo ASSN. Men's Cotton Regular Fit T-Shirt,U.S. Polo Assn.,546,749,27,4.0,4,2XL,NAVY,,B07PJQBNCP
U.S. Polo ASSN. Men's Cotton Regular Fit T-Shirt,U.S. Polo Assn. Store,,,0,4.0,9689,2XL,Black,,
Peter England Men's Snug Fit Solid Polo T-Shirt with Coloured Collar Tipping| Cotton Rich| Premium Pique Weave,Peter England,649,999,35,4.0,4,M,Lilac,,B0C1RXWN1N
Alan Jones Clothing Men's Cotton Regular Fit Mandarin Collar Solid Polo T-Shirt,Alan Jones Clothing Store,427,,64,4.1,1029,M,Maroon,,
Alan Jones Clothing Men's Cotton Regular Fit Mandarin Collar Solid Polo T-Shirt,Alan Jones Clothing,429,,64,4.1,4,M,Black,,B0C2MLNQ2Q
Alan Jones Clothing Men's Cotton Regular Fit Mandarin Collar Solid Polo T-Shirt,Alan Jones Clothing,429,1199,64,4.1,4,M,Dark Grey,,B0C2MPS4TS
"London Hills Men's Cotton Oversized Fit Casual Printed Round Neck, Oversized Longline Drop Shoulder Boho Style T-Shirt",London Hills,299,1299,77,3.8,3,XL,Black,,B0BCKKJ6LL
"London Hills Men's Cotton Oversized Fit Casual Printed Round Neck, Oversized Longline Drop Shoulder Boho Style T-Shirt",London Hills Store,299,,77,3.8,1873,XL,Cream,,
"London Hills Men's Cotton Oversized Fit Casual Printed Round Neck, Oversized Longline Drop Shoulder Boho Style T-Shirt",London Hills,279,1299,79,3.8,3,XL,Charcoal,,B0CM16M275
"London Hills Men's Cotton Oversized Fit Casual Printed Round Neck, Oversized Longline Drop Shoulder Boho Style T-Shirt",London Hills Store,299,,77,3.8,1873,XL,Black,,
U.S. Polo Assn. Men Cotton Regular Fit T-Shirt,U.S. Polo Assn.,587,699,16,3.9,3,L,DREAM BLUE,,B0BT1W28W7
Peter England Men's Premium Branded Regular Fit Half Sleeve Polo T-Shirt | Cotton Rich | Birds Eye Interlock Weave| No Pocket,Peter England Store,,,0,4.1,309,XL,Brown,,
U.S. Polo Assn. Men Cotton Regular Fit T-Shirt,U.S. Polo Assn.,587,699,16,3.9,3,L,DUSTY BLUE,,B0BT1WSW3L
Peter England Men's Premium Branded Regular Fit Half Sleeve Polo T-Shirt | Cotton Rich | Birds Eye Interlock Weave| No Pocket,Peter England Store,,,0,4.1,309,XL,Beige,,
Peter England Men's Premium Branded Regular Fit Half Sleeve Polo T-Shirt | Cotton Rich | Birds Eye Interlock Weave| No Pocket,Peter England,755,1299,42,4.1,4,XL,Green,,B0CK4JVGB4
Allen Solly Men’s Solid Polo T‑Shirt | Regular Fit | Premium Cotton | Contrast Tipping Collar | Smart Casual Wear,Allen Solly Store,839,,40,4.1,7988,L,Navy,,
Allen Solly Men’s Solid Polo T‑Shirt | Regular Fit | Premium Cotton | Contrast Tipping Collar | Smart Casual Wear,Allen Solly,1318,1999,0,4.1,7986,L,Light Blue,"Add a touch of effortless style to your wardrobe with the Allen Solly Shirt, crafted for comfort and everyday elegance. Made using premium-quality fabric, this shirt offers a soft feel, long-lasting durability, and a smart, modern fit. The refined design and signature Allen Solly detailing make it suitable for office wear, casual outings, and weekend gatherings. Versatile and stylish, it ensures you look polished with minimal effort.",B0C7ZLYTQ7
Allen Solly Men’s Solid Polo T‑Shirt | Regular Fit | Premium Cotton | Contrast Tipping Collar | Smart Casual Wear,Allen Solly Store,839,,30,4.1,7988,L,Pink,,
Peter England Men's Premium Branded Regular Fit Half Sleeve Polo T-Shirt | Cotton Rich | Birds Eye Interlock Weave| No Pocket,Peter England,755,1299,42,4.1,4,XL,Charcoal,,B0CK4NP4T2
Allen Solly Men’s Solid Polo T‑Shirt | Regular Fit | Premium Cotton | Contrast Tipping Collar | Smart Casual Wear,Allen Solly Store,839,,40,4.1,7988,L,Black,,
Allen Solly Men’s Solid Polo T‑Shirt | Regular Fit | Premium Cotton | Contrast Tipping Collar | Smart Casual Wear,Allen Solly Store,839,,40,4.1,7988,L,Navy,,
Allen Solly Men’s Solid Polo T‑Shirt | Regular Fit | Premium Cotton | Contrast Tipping Collar | Smart Casual Wear,Allen Solly,839,1399,40,4.1,4,L,Mint Green,,B0C7ZP9S3W
"Leriya Fashion Tshirt for Man | T Shirt for Mans | Mens TShirt's | Collarless T- Shirt for Mens | Half Sleeve Tshirt for Men (Available in Plus Sizes) Polycotton, Regular Fit",Leriya Fashion,679,,66,4.0,896,XL,Beige&Black,,
"Leriya Fashion Tshirt for Man | T Shirt for Mans | Mens TShirt's | Collarless T- Shirt for Mens | Half Sleeve Tshirt for Men (Available in Plus Sizes) Polycotton, Regular Fit",Leriya Fashion,,,0,4.0,896,XL,Dark Green,,
"Leriya Fashion Tshirt for Man | T Shirt for Mans | Mens TShirt's | Collarless T- Shirt for Mens | Half Sleeve Tshirt for Men (Available in Plus Sizes) Polycotton, Regular Fit",Leriya Fashion,390,1999,80,4.0,4,XL,BEIGE,,B0DCS434FQ
"Leriya Fashion Tshirt for Man | T Shirt for Mans | Mens TShirt's | Collarless T- Shirt for Mens | Half Sleeve Tshirt for Men (Available in Plus Sizes) Polycotton, Regular Fit",Leriya Fashion,404,1999,80,4.0,4,XL,BEIGE,,B0DCS434FQ
Max Mens Cotton Blend Solid Regular Fit T-Shirt,Max,627,3099,0,4.2,252,M,Aqua,Men Slim Fit Solid Polo T-shirt,B0CS3LN1V4
Max Mens Cotton Blend Solid Regular Fit T-Shirt,Max,379,664,24,4.2,4,M,Rose Pink,,B0CS3MN3JL
Best WEAR for Mens Printed Polo richTshirts | Half Sleeves | Plain-Regular Fit (Available in Plus Size and Combo,Garima Knitwear,224,,91,3.2,3,XL,Black,,B0FWC7Z7XY
AUSK Men's Retro Cable-Knit Quarter-Zip Polo | Premium Textured Self-Design Half Sleeve T-Shirt for Men,AUSK,729,,0,3.8,9,M,Black & Brown,"Redefine Your Wardrobe with AUSK’s Signature Knit Collection Experience the perfect intersection of vintage charm and modern craftsmanship. AUSK introduces the Vertical Striped Knit Polo—a piece designed for the man who demands more from his basics. Featuring a sophisticated multi-textured ""self-design"" and a contemporary zipper neckline, this polo delivers a structured, ""Old Money"" aesthetic that transitions effortlessly from the boardroom to the bistro.",B0GJF5CCLW
Trillion Jaqquard Men's Polo T Shirt for Men (Polyester Blend | Regular Fit),Trillion,379,1499,75,3.5,3,L,Beige,,B0F56P3K85
Lymio Polo T Shirt for Men || T Shirt for Man || Collar T Shirt Style Men (Packs Also Available) (Polo-18-21),Lymio Store,399,,87,3.3,4166,L,Blue,,
Louis Philippe Men's Slim Fit 24s Single-Tuck Pique Stylized Sleeve Print and Contrast Tipping Half Sleeve Solid Polo Cotton T-Shirt,Louis Philippe,799,1499,47,4.0,4,XL,Navy,,B0D4VPP2XF
Louis Philippe Men's Slim Fit 24s Single-Tuck Pique Stylized Sleeve Print and Contrast Tipping Half Sleeve Solid Polo Cotton T-Shirt,Louis Philippe,799,1499,47,4.0,4,XL,Green,,B0D4VNTFZV
