crawl_timestamp,uniq_id,page_url,product_name,brand,selling_price,list_price,discount_percentage,rating,num_reviews,sku,color
"Apr 18, 2026 @ 00:39:49.125",ad14ec2051753640ee928db8119bd4d0,https://www.myntra.com/lounge-tshirts/lux+cozi/lux-cozi-polo-collar-lounge-tshirts/28138222/buy,,,,,,,,,
"Apr 18, 2026 @ 00:39:49.123",ec01c47d6713dafe130c237d6c761693,https://www.myntra.com/lounge-tshirts/lux+cozi/lux-cozi-polo-collar-lounge-tshirts/28138210/buy,,,,,,,,,
"Apr 18, 2026 @ 00:39:49.123",eefae0050007777a41ee174f92aaaddc,https://www.myntra.com/lounge-tshirts/lux+cozi/lux-cozi-fillament-polo-men-solid-polo-collar-short-sleeves-lounge-tshirts/37589334/buy,,,,,,,,,
"Apr 18, 2026 @ 00:39:49.230",eb00d6a9788eca61a0e54827ac9107f8,https://www.myntra.com/lounge-tshirts/lux+cozi/lux-cozi-men-polo-collar-lounge-tshirts/37589344/buy,,,,,,,,,
"Apr 18, 2026 @ 00:39:49.136",c47fd65d5b22fcc4a44a7b50e95f8190,https://www.myntra.com/lounge-tshirts/lux+cozi/lux-cozi-polo-collar-lounge-tshirts/28138238/buy,,,,,,,,,
"Apr 18, 2026 @ 00:39:49.279",1a721b50ecaee3f68df43424d0bcbdb2,https://www.myntra.com/lounge-tshirts/lux+cozi/lux-cozi-polo-collar-lounge-tshirts/28138194/buy,,,,,,,,,
"Apr 18, 2026 @ 00:39:49.119",ef16f683adc4d71e1f0140beb6670a18,https://www.myntra.com/lounge-tshirts/lux+cozi/lux-cozi-polo-collar-lounge-tshirts/28138226/buy,,,,,,,,,
"Apr 18, 2026 @ 00:39:49.134",6e691db95753fccf6347d6c0cfb10736,https://www.myntra.com/tshirts/steve+status/steve-status-mens-polo-tshirts/41047216/buy,,,,,,,,,
"Apr 18, 2026 @ 00:39:49.350",db37c89744dd86145dc98867a5426df5,https://www.myntra.com/tshirts/flying+machine/flying-machine-drop-shoulder-sleeves-pure-cotton-relaxed-fit-t-shirt/31598736/buy,,,,,,,,,
"Apr 18, 2026 @ 00:39:49.257",3a2ff9f0e6667f97dfab0ad8486d042b,https://www.myntra.com/lounge-tshirts/lux+cozi/lux-cozi-polo-collar-lounge-tshirts/28138196/buy,,,,,,,,,
"Apr 18, 2026 @ 00:39:49.330",b879391f215a6dfea231975638db247a,https://www.myntra.com/tshirts/steve+status/steve-status-mens-polo-tshirts/41047983/buy,,,,,,,,,
"Apr 18, 2026 @ 00:39:49.414",eaee25eab2a3e1c58bb64bf418f74218,https://www.myntra.com/tshirts/rigo/rigo-unisex-graphic-printed-drop-shoulder-sleeves-cotton-oversized-t-shirt/36600764/buy,,,,,,,,,
"Apr 18, 2026 @ 00:39:49.379",a0c38b221ef3cc19fb6625e590918dca,https://www.myntra.com/tshirts/decathlon/decathlon-kipsta---adults-navy-blue-viralto-moisture-managing-football-jersey-shirts/40276308/buy,,,,,,,,,
"Apr 18, 2026 @ 00:39:49.398",070c944347f5496f7ef812b6ea8702c8,https://www.myntra.com/tshirts/fit+oyster/fit-oyster-women-printed-t-shirt/40819233/buy,,,,,,,,,
"Apr 18, 2026 @ 00:39:49.490",e1c62322b157d93e6516ef1e1d91d75b,https://www.myntra.com/tshirts/fit+oyster/fit-oyster-women-printed-t-shirt/40819222/buy,,,,,,,,,
"Apr 18, 2026 @ 00:39:49.518",ae32cf73197761da331707a7b761b546,https://www.myntra.com/tshirts/playr/playr-unisex-printed-chennai-super-kings-v-neck-cricket-ipl-jersey/33106544/buy,,,,,,,,,
"Apr 18, 2026 @ 00:39:49.493",a7d1f06a05b0d3d292554dcdeeea32b5,https://www.myntra.com/tshirts/glitchez/glitchez-striped-round-neck-cotton-t-shirt/40952776/buy,,,,,,,,,
"Apr 18, 2026 @ 00:39:49.563",490ca4eb72e253e1191be7439622ddd0,https://www.myntra.com/tshirts/rigo/rigo-unisex-typography-printed-drop-shoulder-sleeves-cotton-oversized-t-shirt/36600766/buy,,,,,,,,,
"Apr 18, 2026 @ 00:39:49.137",73cc06ab8210b43c295a9ea0c709f29f,https://www.myntra.com/lounge-tshirts/lux+cozi/lux-cozi-polo-collar-lounge-tshirts/28138212/buy,,,,,,,,,
"Apr 18, 2026 @ 00:39:49.119",043f8ee7855da2fb13d833095f4920c3,https://www.myntra.com/tshirts/steve+status/steve-status-mens-polo-tshirts/41047224/buy,,,,,,,,,
"Apr 18, 2026 @ 00:39:49.626",78ee9504316e37e254bcb733ed0f5793,https://www.myntra.com/tshirts/glamzei/glamzei-women-pure-cotton-solid-regular-fit-tshirts/40757233/buy,,,,,,,,,
"Apr 18, 2026 @ 00:39:49.654",94f4cfbe07a49a294bd019f820b03786,https://www.myntra.com/tshirts/marks+%26+spencer/marks--spencer-pure-cotton-v-neck-t-shirt/39272402/buy,,,,,,,,,
"Apr 18, 2026 @ 00:39:49.680",3f3333a04bf4b45df166695e3d067561,https://www.myntra.com/tshirts/szn/szn-women-graphic-printed-oversized-cotton-t-shirt/41019654/buy,,,,,,,,,
"Apr 18, 2026 @ 00:39:49.681",6edba91fa248b8de02587a3465be126c,https://www.myntra.com/tshirts/fit+oyster/fit-oyster-women-printed-t-shirt/40819376/buy,,,,,,,,,
"Apr 18, 2026 @ 00:39:49.732",80a0286c4f988670f8ecc07e9baac366,https://www.myntra.com/tshirts/playr/playr-unisex-printed-polo-collar-sunrisers-hyderabad-jersey-cricket-ipl-jersey/33106586/buy,,,,,,,,,
"Apr 18, 2026 @ 00:39:49.756",52dabd637386993fa5c5188f63c44b73,https://www.myntra.com/tshirts/corsica/corsica-women-bio-finish-striped-round-neck-cotton-relaxed-fit-t-shirt/32573503/buy,,,,,,,,,
"Apr 18, 2026 @ 00:39:49.279",572828778af265cb979b081831f03c59,https://www.myntra.com/lounge-tshirts/lux+cozi/lux-cozi-polo-collar-lounge-tshirts/28138176/buy,,,,,,,,,
"Apr 18, 2026 @ 00:39:49.810",94bb36f5eed316ef2979708bcc16ec26,https://www.myntra.com/tshirts/szn/szn-women-graphic-printed-oversized-cotton-t-shirt/41020902/buy,,,,,,,,,
"Apr 18, 2026 @ 00:39:49.803",65c0cbc42ea465c46c8124c5c59d1c2d,https://www.myntra.com/tshirts/fit+oyster/fit-oyster-women-printed-t-shirt/40819232/buy,,,,,,,,,
"Apr 18, 2026 @ 00:39:49.813",2ae392dc841df83858db89d0868dbba1,https://www.myntra.com/tshirts/fuaark/fuaark-unisex-moisture-wicking-cotton-t-shirt/34101734/buy,,,,,,,,,
"Apr 18, 2026 @ 00:39:49.924",217a14888a6822ebb55dbfe542badf69,https://www.myntra.com/tshirts/operative/operative-men-t-shirt/40768600/buy,,,,,,,,,
"Apr 18, 2026 @ 00:39:49.930",fdefb1c2504f604b5691f4acc5ddf92f,https://www.myntra.com/tshirts/operative/operative-men-striped-polo-collar-t-shirt/40766615/buy,,,,,,,,,
"Apr 18, 2026 @ 00:39:49.926",6268ca13ac80c661416e90659a593693,https://www.myntra.com/lounge-tshirts/urbe-urban+evolution/urbe-urban-evolution-women-pack-of-2-printed-round-neck-cotton-lounge-tshirts/37580539/buy,,,,,,,,,
"Apr 18, 2026 @ 00:39:49.991",a738671f1415dd637b322901d238b473,https://www.myntra.com/tshirts/surfbae/surfbae-girls-cropped-raglan-colourblocked-round-neck-short-sleeves-cotton-boxy-tshirts/40983221/buy,,,,,,,,,
"Apr 18, 2026 @ 00:39:49.923",8a1564ac8139dbc74a5189e7a0cabd55,https://www.myntra.com/lounge-tshirts/levis/levis-men-soft-pure-cotton-round-neck-half-sleeve-tshirt/12027436/buy,,,,,,,,,
"Apr 18, 2026 @ 00:39:49.987",d15ddbb4b265c1009b4d678d6fd3ae5e,https://www.myntra.com/tshirts/operative/operative-men-colourblocked-polo-collar-t-shirt/40766578/buy,,,,,,,,,
"Apr 18, 2026 @ 00:39:50.052",87a28d4af02a0be4e5ad5c50d5af21ea,https://www.myntra.com/lounge-tshirts/van+heusen/van-heusen-women-cotton-relax-fit-lounge-t-shirt/31354058/buy,,,,,,,,,
"Apr 18, 2026 @ 00:39:50.083",ac719ed3685fea16f99c51a7600a45e5,https://www.myntra.com/tshirts/pantaloons+junior/pantaloons-junior-boys-stripes-printed-cotton-tshirt/40740513/buy,,,,,,,,,
"Apr 18, 2026 @ 00:39:50.105",8f7fd4e2eecb59476fcc35283b703392,https://www.myntra.com/tshirts/decathlon/decathlon-domyos---kids-white-stretchable-multisports-t-shirt/34813599/buy,,,,,,,,,
"Apr 18, 2026 @ 00:39:49.935",09db0e757927381d518bfd26a1263a4f,https://www.myntra.com/tshirts/moda+rapido/moda-rapido-men-polo-collar-t-shirt/32421223/buy,,,,,,,,,
"Apr 18, 2026 @ 00:39:50.149",303c4ba7a4fd53342b77a7941966129c,https://www.myntra.com/tshirts/ftx/ftx-round-neck-regular-fit-sports-t-shirt/23318260/buy,,,,,,,,,
"Apr 18, 2026 @ 00:39:50.152",2282cffc736b83b3d908ed69b035404d,https://www.myntra.com/tshirts/athmonk/athmonk-men-t-shirt/40801937/buy,,,,,,,,,
"Apr 18, 2026 @ 00:39:49.581",d721309c6edd01a23f43420b0e55c67e,https://www.myntra.com/tshirts/moda+rapido/moda-rapido-typography-printed-round-neck-cotton-oversized-t-shirt/41325934/buy,,,,,,,,,
"Apr 18, 2026 @ 00:39:49.326",7768969249872707841ec5c3aed7285c,https://www.myntra.com/lounge-tshirts/amul+comfy/amul-comfy-polo-collar-lounge-tshirts/40257469/buy,,,,,,,,,
"Apr 18, 2026 @ 00:39:50.038",67b0e87e9b7cdbc474777ff5348e0753,https://www.myntra.com/tshirts/marvel+street/marvel-street-relaxed-fit-captain-america-printed-pure-cotton-t-shirt/38091686/buy,,,,,,,,,
"Apr 18, 2026 @ 00:39:49.817",c0213000411129854d4d2bf7b6866a8b,https://www.myntra.com/tshirts/szn/szn-women-graphic-printed-round-neck-cotton-oversized-t-shirt/34558237/buy,,,,,,,,,
"Apr 18, 2026 @ 00:39:49.915",f453d6f9b41421970103e0a94abb8868,https://www.myntra.com/tshirts/campus+sutra/campus-sutra-men-self-design-polo-collar-cotton-t-shirt/32193132/buy,,,,,,,,,
"Apr 18, 2026 @ 00:39:49.304",1f7aa66957e987548d7b01421362b68d,https://www.myntra.com/lounge-tshirts/lux+cozi/lux-cozi-polo-collar-lounge-tshirts/28138240/buy,,,,,,,,,
"Apr 18, 2026 @ 00:39:49.136",0575390a9c299492ae7c5fceed590658,https://www.myntra.com/tshirts/steve+status/steve-status-mens-polo-tshirts/41048907/buy,,,,,,,,,
"Apr 18, 2026 @ 00:39:50.012",928e14cfd8412680c7a63b7c3def8c6b,https://www.myntra.com/tshirts/campus+sutra/campus-sutra-men-solid-polo-collar-cotton-t-shirt/32193183/buy,,,,,,,,,
"Apr 18, 2026 @ 00:39:49.230",8bec7f01e94360cf9f3ab19496df3fab,https://www.myntra.com/lounge-tshirts/lux+cozi/lux-cozi-polo-collar-lounge-tshirts/28138208/buy,,,,,,,,,
